cleaned_text,text_length
我国生育率靠大学生了,10
因为这玩意攻击生殖系统，全球生育率都下降,20
都说二胎是戴这个戴的，还有人怀疑日本尺码不适合中国人,26
同居分手算不算离婚,9
学习正常啊，避孕不要二胎了,13
在外部圈向内卷的朝上为正面，带上了要顺下来，内卷为正,26
搁这骗我生育呢,7
为什么不想生孩子没点b数吗，还天使。,18
她是放开三胎宣传员吗,10
这个和生育，有毛关系,10
三胎是不错的想法,8
贡献生育率,5
生育宣传片,5
想生就生，人家没有养能力不想生就不生，这是别人的自由！,27
不想生管你啥事？,8
你怎么一搞人们更不想生了,12
计划三胎生育办公室正在给你制作奖状,17
不想生孩子咋了,7
这天使变成生育机器不就行了，搞这有的没的,20
很明显，这个是二，三胎宣传片，有毒,17
疫情 ，学费 ，房费 ，医疗 ，三胎呵呵！,21
可见想养二胎就只能靠天命了,13
什么三胎宣传,6
请务必告诉我 在哪买 想生二胎想疯了,18
丘比特当场失业,7
单面的，这明显是性别歧视,12
你家附近生育率飙升原来就是你小子干的好事,20
然后都改口叫你生育率侠了,12
300天后附近地区生育率上升,14
提高生育率第一人,8
也成就了日本低生育率,10
这是鼓励生育的视频？,10
冈本（鞠躬）：对不起，为了拉高生育率我们造假了,23
日本生育率的罪魁祸首,10
心态问题，不想生 只想玩,12
纸箱子皮不想生孩子,9
说性别歧视的咋个不说话了？,13
也可能是被父母，比如夫妻都不想生，但是父母想要带娃,25
我男朋友问我想不想生孩子，我说不想，他就戴,21
想生小朋友，那就可以不带了,13
因为谁也不想失去生育能力,12
不能生育咋了 男的结扎有屁后遗症,16
结扎可以复通，不代表一定可以恢复生育能力，不看完还叫人多看书,30
一边鼓励生育 一边鼓励节育 是这意思吗,19
性病可没有性别歧视,9
我不想生,4
结婚 不想生孩子 也必须带 好吗,16
不想生小孩的话避孕药和结扎本来就是应该做的避孕措施,25
我也想生活在美国,8
生理结构决定了 生育的主导权就在女性 拥有更多的避孕途径从这,30
即使没有生育需求，对于男人来说,15
生育成本让女性更加难以承受 而不是··,19
所以不婚不育的女性就会越来越多,15
女性承受了几乎全部的生育代价,14
男性结扎好像有几率永久失去生育能力，不知道是不是真的,26
当然，因为男女性要承担的生育成本天差地别,20
因为男性不用承担生育风险,12
我觉得是因为生育不在男性的身上,15
因为不想生，谁想受那种哭,12
如果没有生育方面的（比如怀孕生子）我想我会像男生一样随便玩,29
掌控生育权说法的另一面指的是怀孕的是自己（微笑）,24
男的对生育的代价太低，法律墙纸，也得女人有这个钱和文化,27
没有资金的原因，还是普遍社会男性的生育高傲。投资金不会有收获,30
男的就是想生，他们不用承担风险,15
女人生育，男人结扎,9
明晃晃的歧视，都不打算演了,13
女性再现代社会就是被歧视的这是事实大部分重要岗位都是男多女少,30
因为女性生育成本更大,10
y男性不是生育的直接承担者,13
支持男女平权 消除性别歧视,13
离婚冷静期也是在倒退,10
生育行为的风险实在是太巨大且不均等了,18
生育自由现在也还没做到位,12
骤减因为二胎实行了吗？不记得哪一年了,18
我妈妈1956年出生人，生育后被带了节育环，取不出来和肉长一,30
现在三胎。。。。,8
个人认为最公平的结果是让女性拥有绝对生育权,21
xs 用法律限制流产次数 强制抚养 甚至劳改抚养。女性的生育,30
←妊娠期+哺乳期不能离婚,12
所以除非有一天男女在性和生育方面完全平等，否则我绝不会和男的,30
不是，最主要是因为女性生育成本比男性大,19
我真的不想生孩子,8
所以你没发现现在很多女性不婚了吗？,17
如果男性想有生育权，就要承担生育责任，目前生育好像只有女性在,30
因为生育风险绝大多数都是在女性身上啊，强迫我们在意，做保护措,30
是真的 连一部分生育过的女性都不能做到共情 更何况没有生育过,30
男性永远理解不了被歧视的感觉因为他们不是被歧视的,24
文明社会让女性主导生育，只会让社会动荡不安。,22
努力争取生育自由，争取到了之后发现代价付出的还是自己这边较大,30
离婚吧,3
生育率下降,5
有，后来放开二胎还有妇女专门去取环,17
生育与否和是否上环是否是个人选择与权利,19
我妈生完我也就是二胎之后 妇女主任就在旁边等着了 直接拉去节,30
幽觉得结婚生育压迫你们，又想谈恋爱，自己一个人没有人逼你们。,30
不是“很多”，是全部，，，当时为了控制生育，上环都是非自愿的,30
我妈几年前刚摘，反正二胎生完我就让我老公去打节育针,25
我妈是放开二胎的时候取出来的，不过没怀上,20
不是开放三胎了吗？,9
唉想生病真的很难过，尤其是反反复复慢性病,20
是这个让我放弃了要二胎，从待产到产后检查，既屈辱又痛！,27
女人真的好苦 虽然喜欢女孩子 不想生女儿 下辈子也不想做女人,30
你俩丁克吗,5
要离婚的征兆,6
我妈总说当女的没几天舒服日子，月经、生育还有绝经期生病,27
生病真的很影响生活质量,11
是的，提高生育技术妇科技术，是提高女性生命质量很有用的事,28
顺便科普一下，生孩子打无痛！我国普及率非常低，无痛是女性生育,30
幸好我妈妈疯狂抗拒上环，拖到二胎开放,18
当女人太难了，当初女儿出生，计生办催命让上环。我说离婚也不上,30
生育环摘完之后一定要好好休息一周,16
我妈应该是没有，我妹出生的时候国家还没允许二胎,23
但是我觉得那个时代，节育环解放了女性生育，不用一直生,26
现在都开放生育了 还谈上环,13
评论里的小孩看来不知道计划生育这么成功靠的就是这个东西吧,28
当年计划生育,6
因为计划生育只能生一胎,11
大家不要怪计划生育，特殊时代的产物.,18
计划生育,4
我室友妈妈就带了，她告诉我在江西很多已经生育的妇女大多都会带,30
计划生育啊,5
"为了xx富强,家庭幸福,请您计划生育 一胎少 二胎好 能唠嗑",30
计划生育并不是一定要女性带环的！！！,18
唉当时计划生育，很多都带了,13
怪什么计划生育怪你们爹去,12
计划生育，强制节育,9
那一代计划生育都是人女性戴换,14
不是计划生育，是男性的兽欲好么?,16
连避孕套都不想带的男性，呵呵，还怪计划生育,21
因为计划生育我妈也戴了，她也觉得很痛苦，还要经常被查环,27
男性结扎不是永久的，可以后悔恢复生育,18
就是因为计划生育啊,9
明明因为计划生育最近还有人戴?,15
如果需要长期避孕又想保留生育能力宫内节育环确实是最优选择，请,30
是主要当时为了计划生育吗，有点吓人,17
我妈妈也带过，因为计划生育需要带，但带了之后月经不调，后来取,30
计划生育吗太恐怖了,9
计划生育，生育后就要戴,11
我吗也是 都是伟大的计划生育干的好事,18
说女的不戴会生育的麻烦了解一下避孕套,18
当年计划生育我觉得还好吧。。。,15
计划生育的时候有男的结扎也有女的节育我觉得还好这个不能代表我,30
希望以后计划生育让男性结扎,13
计划生育怎么说,7
说不要怪计划生育的 自己去评论区看看他们是不是自愿的 舔到这,30
我妈妈因计划生育做了结扎,12
我妈我奶我姥都是计划生育做了节扎,16
当年计划生育,6
计划生育,4
这不是计划生育强制佩戴的吗,13
计划生育谁开头制定的 那些个人就要被揪出来批判,23
我妈妈被国家强制性带，计划生育时期,17
计划生育真的是一刀切,10
计划生育的人杂,7
我爸之前生完二胎争取我妈妈不带环 我妈妈是没有环的 听我爸讲,30
精神病患者无法承担生育的风险和担负抚养的责任！,23
我妈是二胎后强制结扎，不是戴环。但两者都有伤害,23
然后现在又提倡生三胎，呵呵,13
怎么不利于正确认知了？你是男的？害怕大家都拒绝结婚生育了？,29
不知道把女性的生育能力当成病来治这一观点是如何形成的,26
计划生育，生完不戴就罚款,12
英明的计划生育，生完不戴就罚款,15
的确不怪计划生育，不敢怪，不敢怪,16
男性是可以节扎的 伤害是女性的十分之一 并且可以随时恢复生育,30
避孕药解放女性女性能主宰生育 大姐真的为反而反,23
短效避孕药可以治内分泌疾病，对将来生育是有促进作用，了解一下,30
计划生育的产物,7
复通后还能生育的的几率不到一半,15
所以这个东西是带有侮辱性的，不配生育并且,20
避孕环对于女性的非意愿妊娠是做出巨大贡献的，对于生育选择，女,30
男的结扎不影响生育,9
为什么计划生育只让女生搞节育，也是爹权的可以,22
前面说男性结扎复通后生育几率小的，难道女性就大了吗？,26
要她生育，要她不能生育,11
开放二胎之后就不会强制上环了，都是自愿的。,21
我大姑姐上环了，现在离婚了我劝她取还没取,20
我男朋友说不想生孩子他就去结扎,15
连生育都不自由的恐怖,10
不避孕的话难道要让女性频繁感受生育的痛苦吗,21
计划生育的时期好多地方是强制上环……很没人道,22
所以计划生育主要结扎男性,12
计划生育真的是强制上环，连人的生育权也要剥夺,22
苍老师已经失去生育功能了↓,13
结婚一定要生孩子吗？丁克万岁！,15
放心吧，房价这么高，生育会下降的,16
生活在没有开放二胎政策的时代真好,16
你们是不是傻 男女结扎都是因为计划生育！,20
现在二胎开放了，怎么办,11
搞笑了，没计划生育结扎就没这技术了？什么屎盆子都扣,25
计划生育还不是国家的政策,12
.不人道的计划生育手段,11
前边说计划生育主要结扎男性的，并没有，主要还是女性上环的！,29
以前生小孩 医院都要结扎,12
计划生育的锅,6
计划生育的时候就是采用这种方式的,16
可计划生育不是撤了吗,10
上环超没人性！凭什么计划生育要让女同胞受罪啊我靠,24
听一听老一辈人讲当年计划生育半夜到村里抓妇女强制结扎的故事,29
上环也不好，生二胎取环疼死人 ，再上环还爱掉 容易发炎，我妈,30
计划生育好，政府来养老！,12
好像之前计划生育超的人要结扎,14
设计出这个和计划生育一样惨无人道,16
计划生育,4
计划生育不强制的话，将会死亡更多的人,18
计划生育好,5
可是我们再计划生育初中期时却有很多女性是被强制结扎的！,27
结扎不是计划生育时代，男尊女卑的观念糟粕的东西么,24
明年放开计划生育，今年出生率1.1,17
离婚不就完了,6
之前计划生育要结扎，夫妻二人必须要有一个,20
基本信息 一般状况 现病史 既往史 家族史 生活史 生育史,29
逆火而行～牛，不是让生三胎呢吗,15
科普：2018中国女性生育死亡率约0.18‰，是车祸死亡率的,30
笑死，女权谁想生孩子啊，男人天天嚷着没后其实自己最在意罢了,29
其实就是生育率过低,9
凭什么生育的责任和避孕的责任都放在女性身上啊，中国某些男性到,30
凭什么生育节育都要女性完成,13
没有生育要求后我会劝我老公去结扎,16
这就是现在疯狂三胎的后遗症 旱的旱死涝的涝死,22
痛死了，我选择不婚单身,11
挺好的，大家一把起生育率曲线变得更陡峭,19
现在生育率低了要求开始说避孕环不好了，以前生完孩子还要求做绝,30
计hua生育时期，装到妈妈体内的,16
等下，未生育为什么放环啊,12
未生育的可以用来辅助治疗，不一定是避孕,19
咋的了未生育就不许避孕了？,13
"生育过不想在有二胎了呀,所以要放",16
我未生育去安的，真的超级痛，后期三五天有少量出血疼宜州。之后,30
未生育的亲身体验，根本达不到剧痛,16
未生育的亲身体验，根本达不到剧痛,16
没什么感觉……… 未生育,12
生完二胎结扎吧,7
不要二胎直接结扎呀,9
未生育放曼月乐是为了治疗疾病,14
丁克族表示果然结扎是最有效的,14
不婚不育芳龄永继,8
不恋爱不结婚不生育，单身保命！,15
可是却是女性一直在承受痛苦，又要生育，又要哺乳，还要戴节育环,30
男女平等都去结扎，选男结扎歧视男性，选女结扎歧视女性，因此都,30
然后俩人离婚了，神奇了呀,12
既然有三孩子，母亲已经疼了三次，男的就应该做,22
额人家说这个前提是两个人都不想生孩子 想用一劳永逸的方式避孕,30
如果要女的带环那就别结婚或者离婚吧,17
谁不想生孩子，谁结扎,10
谁不想生孩子，谁结扎,10
谁不想生孩子，谁结扎,10
谁不想生孩子，谁结扎,10
结扎完 老婆出轨，你就是SX，只能干瞪眼 没有生育能力还能找,30
将来离婚了你就是个没生育能力的男的了想清楚,21
生育环会严重影响女性的身体健康,15
如果要绝育的话，让老公或者是自己去结扎会比生育环更安全,27
国家现在应该是后悔了的，毕竟三胎都开放了,20
国家提倡生二胎你不怕被打,12
男性吃的不会影响生育功能吗,13
不能用，要生三胎,8
现在估计没了，国家鼓励生育,13
都什么生育率了 还避孕,11
找到生育率下跌的直接原因了,13
你又离婚？→_→马克你离婚多少次啊,17
不是他要离婚了，是参加葬礼前已经离了,18
算是高龄产妇吧,7
高龄产妇。。。,7
43岁，高龄产妇，会增加孩子患21三体综合征的几率,25
今天想生小孩儿，可以不带了吧,14
直接领证的朋友 你有问过女方到底想生不生吗？你生？？,26
你就是想让我生二胎,9
就像骗生二胎,6
三胎委颁奖,5
骗人生二胎,5
哈哈哈！ 支持三胎你就直说！,14
知道了，要么结扎，要么生三胎,14
三胎的配套方案,7
这是二胎三胎的任务下达了吗？,14
笑死 想生都生不出来呢 还避孕？,16
所以丁克绝育还是有点靠人品的，毕竟男方后悔能找，女方后悔没办,30
二胎剖宫产，果断要求结扎，手术的时候听医生聊天说今天剖的扎堆,30
三胎环境下，没有一个医院给做的,15
不确定生育，男性结扎是最好的选择,16
女的生育成本太高了，不想生孩子还是不要有性行为比较好,26
不一定非得是丁克结扎啊，生了一两个了不就可以扎了，又不是生完,30
就这避孕法，已经第三胎了,12
很多二胎三胎一问基本上是意外,14
国家为了让你们不婚不育已经很努力了,17
谁在乎下一代的健康啊，拜托，真有人还想生孩子吗,23
结扎恢复生育能力不易,10
结扎不就是避孕的吗？为什么要恢复生育能力？,21
发“为什么要恢复生育能力”的人是**吗？,20
也不会告诉你生育要付出多少，怕你知道就不生了,22
万恶的计划生育的宣传,10
我都二胎爸爸了 我点进来干什么？,16
建议看到最后，用脑分析，丁克族（不生小孩）不是每个人都要的！,30
喵喵，我个人绝不婚前性行为!,14
我想当丁克家族了,8
做丁克吧,4
做丁克吧,4
别想了，丁克吧,7
不想生孩子，结婚后领个可以吗？或者混养成系！哈哈哈哈哈,27
计划生育？,5
我以后不想生孩子了,9
丁克了丁克了，18岁的我怕了,14
我一男生都想要丁克了,10
有点奇怪，人家讲流产手术跟丁克有什么关系，不想要小孩就不会意,30
对不起丁克吧真的好可怕,11
计划生育早年就引产了几百万,13
丁克内个哈哈哈哈哈哈哈,11
我是丁克家族,6
谢谢不想生了,6
以前计划生育有这个,9
我有个弟弟，所以家里的生育大事不用我操心，我妈说她支持我单身,30
下方弹幕说的是，避孕环，那个是建议之后无生育要求的女性使用的,30
00后听了不想生孩子了,11
我一个不婚族加丁克族的人，听了头,16
我妈高龄产妇想生二胎结果就是刮掉了……我真的好心疼啊,26
幸好我丁克,5
根源主要是生育焦虑把,10
有，因为不想在二胎,9
因为生育风险全部我说的是全部在女性身上,19
结婚了也不想生啊，生了能一直生，只能为了生而做？,24
应该的，本来生育就是两个人的事,15
确实，把主动权交给对方就会很被动，毕竟能生育的是自己，还是自,30
因为生育的风险全是女性一人承担,15
人性不负责 可以上法律啊 单身生育，非自然流产 男方都被强制,30
我不懂为啥骂吃短效的？这是女性最有效的掌控自己生育能力的方式,30
男性不痛不痒，甚至避孕失败还会有点小骄傲，说明他“生育能力很,30
生育焦虑恐惧延伸成厌男恐男，很难说泛化的恐惧不是由部分男性恶,30
对啊 我不想生 我杀的 有什么问题吗,18
想问一下决定丁克有没有什么一劳永逸的避孕方式，最好也不要来月,30
我持反对意见，女性在生育和性上有绝对的权利，就应该负80%以,30
男性也想生啊 你问问上帝能不能加钱呗,18
人类应该基因改造了，自由选择生育很重要,19
单身不婚丁克,6
皮埋真的挺好，可持续5年左右，想要二胎的可以了解一下，医院可,30
吃多了以后没有生育能力,11
你为了避孕都不生育了是吧？,13
还可以接上，想生继续生,11
男性失去生育能力就这么可怕吗？女性结扎更可怕好吗,24
而且男性结扎后三年内可以复通输精管恢复生育能力，女性结扎是永,30
对于感情稳定，明确打算丁克的夫妻，男性结扎绝对是最好的永久避,30
结扎就是永久性丧失生育能力，说让结扎的你们是严肃的吗？,27
都说了是绝育了还想生孩子,12
结扎后就没能力生育了,10
但是吃多了影响生育,9
又想要性快感，又不想生孩子,13
男性结扎是可以恢复的！！！突然想要二胎也可以！！！,25
已经放开二胎了可以多生一个了,14
三胎了，应该禁售避孕药,11
我直接让他去结扎 反正我俩都丁克,16
一点也不可靠 我这二胎就是吃了药也没避掉的,21
担心药的伤害？那就生下来啊？不想生下来就好好权衡啊！,26
为啥这么年轻就做这个避孕，丁克吗,16
输卵管结扎了就彻底不能生育了,14
前面说违背自然规律很糟糕的，月经对于没有生育需求的女性本来就,30
我老公也这样说，所以二胎来了,14
合着我还是干掉了上亿个竞争对手啊,16
各位都是天之骄子，毕竟竞争挺残酷的,17
生育率这么低，我们性知识还这么少,16
安全期也不安全，我朋友二胎就是这么来的,19
政府提倡生二胎，小兔来普及避孕知识！你这是什么性质的问题。,29
一直体外没怀的 可能有生育障碍 检查一下,20
我想的问题是生育率太低了,12
古代生育率高需要怀孕,10
嘴生着就是来讲话的，一家人连这种生育选择自由都没有，嘴巴都不,30
不尊重女生生育要求的男的真的垃圾,16
女性有时候承载这个生育功能真的痛苦,17
女性对于生育与否本应具有绝对的话语权。。好悲伤,23
或者女方在婚姻中生育问题上没有发言权处于弱势的情况,25
这种不尊重个人意愿并且是生育主要人员的伴侣有必要在一起吗,28
绝大部分男性都不尊重的，因为尊重老婆不想生等于自己没孩子,28
为什么女性没有拒绝生育的权利？为什么男性要不顾女性意愿强迫她,30
想丁克,3
被催生但是不想生的人群吧,12
比如不想要二胎，但是有孩子要养。,16
这种不太靠谱时间长家里人会让你去试管以为你没生育能力甚至离婚,30
自己不想生，家里逼着生，不想让家里知道自己在做避孕措施,27
催生二胎的,5
女性好可怜，这就是所谓的生育自由吗,17
应该讨论，给予女性真正的生育自由,16
想丁克怕被扎套？,8
这个欺骗可能是离婚了,10
不想生孩子吗,6
好拧巴，不如离婚,8
故意不想生是吧,7
有点好奇婚姻中关于生育方面的行为真的可以隐瞒吗？,24
要是周围人都尊重女性的生育意愿，还用得到“欺骗”吗？,26
尊重女性DO/生育意愿才是根本,15
然而这样可能会被家里人歧视，说她有病，然后让男的再找,26
确实有很多婚前答应丁克男人的之后又反悔,19
女性没有生育自由，可悲,11
有的自己不想生 丈夫想丈夫加家长辈想,18
大部分女性根本没有生育自由的，别太苛责了吧,21
也有不想生孩子但是伴侣家人想要的情况,18
国外用得少只是因为人家没有侵犯人生育权的事件,22
因为整个生育过程95%是女性独立完成的，就是有95%的避孕手,30
用来标榜自己生育能力强大，唉,14
女性对自己负责，但是男性也要对自己和伴侣负责，生育是双方的事,30
说到底，生育的责任和代价大体上还是女性在独自承担,24
唉，生育成本是女性在承担啊,13
能堵上吗？堵上复通后还有生育功能吗？反过来把女性输卵管堵上几,30
同时让男性也能更多的参与到生育这件事情当中（而不仅仅是停留在,30
我觉得这样也挺好，生育权和避孕权都掌握在自己手中,24
男人没有生育压力呀，很多态度都是无所谓的,20
很对！生育选择还是掌握在女性手里！,17
国家三胎指定合作伙伴,10
三胎生成器,5
这岁数很难上当吧，不会手机想要二胎老公不同意，找个产品顺水推,30
这种产品可能是计生委发布的响应三胎。。。233,23
不要二胎可以不干啊,9
用了药这个二胎还健康吗,11
被迫二胎,4
一个医生朋友。夫妻都是医生，二胎说是意外,20
不生育完全可以拒绝纳入性性行为啊,16
下次不要鼓掌了，避孕套漏可能厂家想让你生三胎,22
你咋不让你爸也去结扎，第二人半价，他也不要二胎了,24
总之如果是不想生理期影响的话就要好好作息学习复习，就算大考生,30
前面弹幕别说太好了，真不想生孩子就让男性做好保护措施，短效避,30
这已经算是性别歧视了吧？,12
还是高龄产妇,6
高龄产妇确定要生？,9
都要高龄了诶，过多几年孩子都没有五岁老妈就是50了,25
高龄产妇咋的了 你们一群牛马兰子叨叨你码呢,21
她47了啊，本来高龄产妇就很危险了,17
尽TM扯淡，内分泌都紊乱了，何谈生育功能？美籍华人，终究是美,30
对女人太不公平了吧，中国，结扎了，离婚再婚的可能性都很小，,29
早些年计划生育严的时候，真的是顺便结扎。,20
我们家二胎是那百分之二的,12
百分之二的二胎 哈哈哈哈哈哈哈,15
二胎结束，队友已经准备过段时间去结扎,18
让男的结扎，想生的时候再放开不就,16
丁克,2
国家想你生三胎,7
但是现在三胎谁都知道咯,11
还想不想要三胎了,8
现在三胎开放了 tt主要是卫生安全,17
不婚不育芳龄永继，不生不养福寿绵长，指我自己,22
生育权是夫妻双方的好吧,11
三胎？,3
纳入式是生育行为，不是性行为！！不是性行为！！,23
根本没有这些课，都拿去内卷了,14
不要对同性恋，双性恋抱有歧视（这仅仅只是性取向的问题，任何人,30
三胎来了,4
开放三胎了，再来一个,10
开三胎了g姐，放心养,10
现在可以生三胎了,8
喂！朋友！三胎了喂,9
生三胎,3
三胎,2
生育风险全给女性承担了 男的为什么不能去结扎,22
我打算找个愿意为我结扎的人结婚，而且我想丁克,22
想生孩子，但能力不行,10
五十岁的老父亲生三胎了,11
新冠影响生育,6
新冠直接损伤生育功能，别说疫苗了,16
身高歧视啊,5
173怎么了，就冲这恶心相貌歧视，已经不值得同情。走了,27
173就是很矮啊（非身高歧视,14
不要歧视天生条件好吗？高贵的女人,16
搞nm身高歧视,7
这样吃法早tm没法生育了,12
避孕药不影响生育的喔,10
我也是一米七三，身高歧视啊？,14
身高歧视是吧,6
不是鼓励生育吗？,8
目的达成，就等你这样，生育目标上去了,18
古希腊掌管生育的神,9
女人好像生育有影响就没阻碍,13
男结扎了，后续复通了之后，生育功能有很大影响,22
结扎对你男朋友哪里过分？可以有效避孕，不伤害身体，想生育可以,30
男性影响生育就是事了女性就不是什么问题我懂了呵,23
高龄产妇本来就是剖腹可能更好，这下胖了，必须剖了,24
不是的，现实中的爸妈很大概率会劝你别离婚,20
我想知道短效会影响生育吗？,13
体外一两年没中标的那个，建议查一下是不是没有生育能力,26
有孩子后生活质量，下降更明显了，不到万不得已自己都舍不得花钱,30
其实还有原生家庭之害 这是心理上的,17
还有家长群里的撒笔内卷家长,13
被父母道绑几十年真的不想生,13
我表哥一家年收入百万都不打算生二胎，一个女儿就够了,25
为什么内卷也说说啊,9
你内卷，我内卷,7
结婚生子以后自己生活质量直线下降，现在非常后悔。,24
中高考压力那么大 家长不停卷 不想生,18
婚后生活质量直线下降，有小孩后,15
扯蛋内卷，简称蛋卷,9
很多有钱人却选择丁克也是醉了,14
老子真的不想娶，也不想生,12
我生了，老二两岁。我失业了，哈哈哈哈哈哈哈,21
不仅是内卷，小孩也是很多团体的目标客户,19
小孩生下来与别人内卷，累小孩又累我,17
人少不一定是坏事。想生你止不住，强行生也不愿意,23
不光是经济压力 时间精力都要巨量投入,18
内卷本质是国际竞争力和定价权的问题,17
主要是结了婚的天天在想离婚,13
社会内卷的主因是加班内卷,12
攀比你可以选择不参与，但是内卷身不由己啊。,21
社会要求的生育成本太昂贵了，现在一家人只有一个工作根本养不起,30
但是日本不是生活质量太差的原因，人家日本人均年收入是中国的近,30
社会内卷？ 你是怎么推出这个结论的。。,19
我35已经失业了怎么养孩子，卷吧，,17
内卷，太卷了,6
缓解内卷是最急需解决的，上班族卷到几乎没有时间陪伴家人，完全,30
内卷真的太严重啦,8
很正常的，人好烦躁不想生,12
就没人想过为什么造成内卷吗,13
四十岁失业想再找工作真的好难好难,16
最主要还是性别歧视,9
最主要还是性别歧视，干活的时候想要男的，结婚的时候想要女的，,30
中国很多大城市离婚率居高不下,14
一般男的结婚，掏空家底，万一离婚男的要分一半财产，为啥结婚,29
他们开始挑战三胎了,9
小美和老王喜怀二胎,9
已经晚了，老王已经三胎了,12
《二胎》,4
结扎无论是男性还是女性都不建议做，除非确定以后不再会生育。,29
促进生育，不避孕,8
“我想生”“cool” “我不想生”“cool”,24
我一直有个疑问 女性生育孩子的数量有没有一个合理上限 像这样,30
我一个都不想生,7
一个都不想生的我听到十一个就疯了，什么魔鬼国家,23
这个国家的女人成了生育机器,13
我26都不一定想生,9
当生育工具,5
放屁全世界都一样，中国女性拥有自主生育权,20
被迫成为生育工具,8
11个，我擦，你的生育能力也太强了吧。,19
女性沦为生育机器，而不是变成生产力？,18
宗教统治导致法律推行不了他甚至离婚也违法,20
我一个都不想生……,9
前面的，我家就三孩子，我是老三,15
现在三胎要不不放了吧doge,14
退彩礼离婚,5
养带人警告 你这是种族歧视,13
生三胎,3
怎么就从同居到离婚就离婚还行了？,16
离婚不是特别好 因为这个记录 可能会有人觉得这个人生活啥的不,30
离婚还好，就怕离不了,10
结婚之后会不会增加离婚的意愿？,15
同居失败和离婚实质上没有区别。,15
对哈，我和老公恋爱时就知道都喜欢孩子想生，所以同居也没耽误他,30
不同意婚前同居，散伙跟离婚有什么区别，就是有没有证的事,27
想生孩子了，就会领证吧？,12
洗碗机解决一切家庭矛盾,11
最可怕的在于它才18岁就把生命价值放在了成为一个生育工具上,29
这就是我不想生女鹅的原因,12
救命啊，才十八岁就已经想和一个男的绑定想生孩子的事了，我的天,30
如果我带入男的 我肯定到你想生孩子的年龄再找个18岁的,27
这边建议妹妹知乎情感生育区见,14
靠生育抓住男人的心？不好意思抓不住的,18
感觉确定丁克以后再用比较合适,14
为二胎事业做贡献,8
为了生育无所不用其极,10
提高生育率,5
但是男性高龄产子比女性高龄更易造成胎儿畸形,21
男性不能生育，就永远做不到男女平等,17
只要女人还承担着生育，男女就永远不会平等。因为你承担生育变弱,30
二胎没了,4
手术本身的风险也是有的，除非确认丁克了，不建议结扎,25
因为黑色的没有用，只能附魔生育5,16
这不是计划生育里的吗，我妈就有弄过,17
啥，美国计划生育,8
去你大爷的美国计划生育委员会,14
计划生育不是我国国策吗？,12
然后失去生育能力,8
美国也有计划生育阿,9
美国也有计划生育？,9
人家是为了促进生育,9
什么奇葩 自己19 而且刚剖腹产完 才在一起三个月 又想生？,30
我本来想二胎还是怕 哎,11
有个学生她妈十几岁就有了她，后来结婚离婚……这个孩子心理一直,30
生育率降低，这种东西需求自然不大了,17
我前主管的二胎就是在20年初疫情最开始得时候居家来的,26
这波利好人口 其实是大家开始生育了 所以才不用TT了,26
人多了竞争压力很大，中国人真的已经够多了。,21
越有钱的越不想生，我身边体制内的基本都一胎,21
现在嘎嘎生，以后孩子竞争小,13
那个不叫歧视，那个叫调侃，脱口秀惯用手法,20
我家也是。。我爷让我妈生的第三胎是个男娃。 说是没孙子没脸在,30
同事保洁阿姨得妹妹第十三胎得男你敢信？,19
现在也没有，甚至不能离婚,12
二胎就是这样来的，二胎还是双胞胎儿子,18
我已婚妇女也这样 因为不想再生二胎 如果真有了就生二胎,27
三胎安排的满满的,8
离婚怎么了？ 就是没B数了，前面的有B数的傻，您说说,26
正常的都能用，正常的用不了的建议去看医生，影响生育,25
离婚了还拍拍拍？,8
离婚了还在一起？,8
这脑子，难怪要和你离婚,11
离婚了还搞在一起，真6,11
离婚维持夫妻生活,8
离婚后还住在一起,8
离婚，还爱爱,6
离婚炮可还行,6
假离婚挺正常的吧，还是说说药的事吧,17
离婚了还住一起,7
离婚还啪,4
商量离婚了还鼓掌？？？,11
还来个，离婚炮,7
同房又离婚这么快,8
？什么叫无所谓啊，他不是在表达他没有生育权吗,22
他没有生育权，过来付手术费可以吗！,17
没毛病呀，这是女方的生育权,13
女方为生育抚育付出的生育价值和劳动价值自己背呗,23
把人家当成生育工具了,10
要是丁克家庭，这种协议才算没问题,16
不离婚就照顾两老的一个小的，自己赚钱养，那几万的彩礼跟女方没,30
原生家庭很重要,7
再打就不能生育了，废了，以后也嫁不出去了,20
好姐姐别哭了，我帮你介绍个不会生育的富二代,21
原生家庭啊,5
李菲菲结了婚也真是把自己糟蹋进去了，离婚吧,21
怎么无所谓了？影响生育是两个人的事情,18
离婚,2
终于知道现在的离婚率为什么这么高了,17
打一次胎降低20%生育能力，多次后会习惯性流产,23
二手房谁要，以后知道了铁定离婚,15
所以必须要婚检 生育史堕胎史,14
我tm33岁带着两个孩子离婚了。不结婚挺好的。,23
都是你自己说的，你善良你前夫能和你离婚？,20
她的生母是高龄产妇啊，所以孩子身体受影响,20
确实是高龄基因不太好,10
能弃养孩子的多数不会是高龄……,15
人家是抱养的都不知道生父母什么样，说什么高龄产妇,24
我也是离婚后变了,8
为啥要离婚a,6
哎 既然这样 之前又何苦随大流相亲结婚又离婚 独立女性也可以,30
所以到底是为什么离婚啊,11
弹幕问为什么离婚？你前面看什么了？遇到鬼了不离等什么,26
为啥离婚还不明显吗 男方家重男轻女不认这个女儿啊 刚过了一年,30
居然还有人问为什么离婚，，，,14
前面的说到这个时候还不知道为什么离婚？？？,21
因为她不听话所以离婚的,11
肯定后知后觉，有的男人追你就为娶你，娶你就为过苦日子。离婚还,30
从让你打胎的时候就应该离婚,13
哎…早该离了，要么4个月的时候打胎离婚，要么四个月的时候直接,30
天呐让你打胎的时候还不离婚呢,14
为啥要生孩子应该离婚再开始新生活,16
说了半天也没说为什么，早就想要离婚所以叫打胎？,23
我也打过离婚官司，我觉得法官不会这么说，除了有什么原因。,28
我就不理解了 干嘛就这么不明不白的离婚了呀 什么意思呀,27
赌气不可取，你当时就打胎离婚,14
男方离婚就这么干脆，女方离婚就有冷静期？？,21
做的不好，唉离婚走人啊,11
一年零一个月起诉离婚的,11
就该打胎之后再离婚,9
你发尊重祝福能显得你咋啊 人不容易都离婚了 就显得你笨了,28
不离婚吗,4
得满足就业，不然还会卖,11
跑走也生存不下去，没有求生能力还会被歧视,20
提供就业关键,6
打胎离婚，这个老公不能要,12
快点离婚是对的,7
离婚是对的,5
赶紧离婚吧,5
赶紧离婚吧,5
赶快离婚,4
离婚出去打工赚钱,8
必须打胎离婚没商量,9
家暴一次就离婚,7
离婚吧,3
那你们离婚吧,6
赶紧离婚,4
离婚，离的好,6
婆媳关系,4
赶紧打胎，我认真的，火速离婚，不然一辈子都是坑,23
赶紧离婚,4
上上策离婚，中中策夫妻两人独居，下下策不离婚还继续住在一起,29
这不离婚留着干嘛？又穷又坏,13
快孩子打了离婚,7
赶紧离婚吧,5
赶紧离婚,4
支持打了离婚！,7
离离离，趁早，这样的人还留着过年啊，支持离婚，家暴最不能忍，,30
求你了赶紧离婚,7
家暴 离婚,5
怀孕老婆都打，离婚,9
必须离婚,4
离婚冷静期会坑死这类离婚女性,14
离婚， 远离渣男,8
赶紧打胎离婚,6
妈宝男，还家暴，赶紧离婚跑路！,15
这次没离婚就等着有你好日子,13
虽然不应该劝人离婚，但是确实太过分了，离就离，这样都能，以后,30
天，赶紧离婚,6
赶紧离婚,4
离婚！！！,5
想让我原谅，那就离婚,10
不离婚等着过年？？必须离,12
离婚！,3
离婚！,3
离婚支持,4
赶快离婚，这是生活观问题，没法调解，调节谁,21
赶紧离婚，别把自己一辈子陪进去,15
坚决离婚！一天也别犹豫！,12
求你离婚,4
离婚,2
就这种还不离婚，也是活该,12
不离婚说不过去,7
姑娘赶紧赶紧离婚，这家人没一个好东西,18
离婚！必须离。这家不做人,12
没什么对错，这离婚是为了保命,14
幸好幸好，再多一个月这要是以后遇到正确的人还想生，那就可能困,30
赶紧打胎离婚！这种还留着干嘛,14
我支持离婚！这个太过分了！,13
天呐，快离婚吧,7
我以为是吃了盘文玩核桃…这不离婚说不过去,20
赶紧离婚,4
赶紧离婚，不然以后生了小孩更痛苦,16
离婚，留着过年啊,8
不离婚等什么呢,7
离婚必须离,5
离婚啊！,4
赶紧离婚啊,5
这还不离婚??????,11
赶快离婚啊～,6
离婚吧，家暴男会一直家暴,12
离婚,2
必须马上离婚,6
离婚吧，这种,6
姐妹 赶紧离婚！,8
离婚，这还不离婚？,9
赶紧离婚,4
离婚吧,3
和那个为了南瓜哭的婆婆有的一拼，不过那个离婚了,23
果断打掉孩子离婚，怀孕都这样，以后还能有啥幸福,23
离婚吧,3
快离婚不然以后想死的心的有,13
不离婚这个女的就是活该,11
家暴必须离婚,6
离婚！,3
必须离婚，这种男人，狗都不要,14
这种老实人最可怕，快点离婚,13
这不离婚留着过年,8
必须离婚,4
不要相信会改 赶紧打胎离婚 不然生下来后一定对你还是这样,28
赶快离婚！,5
赶紧离婚！,5
这种不离婚，有毒!!,10
调解员不要瞎掺和了，离婚吧！等生过孩子后悔来不及,24
支持离婚,4
必须离婚！,5
跑的了么？离婚冷却期！偷人都不够离婚条件！,21
离婚吧,3
离婚,2
必须离婚！！,6
不离婚还留着这样老公和婆婆过年啊,16
现在不离婚，被打一辈子,11
离婚吧,3
这就是妈宝啊，这还忍？第一年发现不对劲就应该离婚了,25
赶紧离婚,4
感觉离婚,4
报警。坚决离婚 趁月份小赶紧去医院 耽误不得,22
离婚！！,4
离婚吧,3
离婚吧,3
这种男人不离婚留着也没好日子,14
快离婚逃吧,5
必须离婚，这家人不正常,11
必须离婚，不要心软,9
流产离婚走人,6
赶紧打胎离婚,6
离婚吧，要不以后更后悔,11
这种家庭还能有老婆，赶快离婚,14
离婚啊。姐妹,6
必须离婚,4
离婚必须离，妈宝男,9
快离婚，及时止损，才是上上策,14
不离婚留着过年？,8
必须离婚,4
“冷静期”警告得再被打几个月后没死才能离婚,21
赶紧离婚,4
不离婚还留着干嘛,8
赶紧打胎离婚，让母子俩过,12
现在不离婚，以后有你的好果子吃,15
赶紧离婚，别心软，后悔一辈子,14
别哭，离婚是对的！,9
这能忍，必须离婚,8
离婚吧,3
不离婚就受着吧，别让他祸害别人,15
这点东西就这么说快点离婚吧,13
赶紧离婚吧 姐姐,8
离婚啊 留着过年啊,9
这不离婚我真的很无语,10
快离婚,3
必须离婚,4
立即止损，离婚,7
他打你第一次时就该离婚了，这肯定不是第一次,21
离婚难啊，冷静期啊,9
必须离婚，这种鬼地方，鬼都不呆,15
离婚再嫁叫其他男的爸,10
这还调解啥？直接离婚啊,11
阿姨不要心软！！一定要离婚,13
我赞成离婚，就怕离不了，现在的法院不让离，就和稀泥，夫妻就刑,30
只要动手就离婚,7
这就是为什么女子要有生育权,13
快点离婚吧救命，家暴绝对的,13
支持离婚,4
支持离婚,4
离婚，下次还得动手,9
不是怕离婚，是怕打胎，怕自己的孩子呗打掉,20
赶紧打胎离婚吧,7
离婚,2
必须离婚,4
离婚吧姐姐,5
离婚吧。跟这种男人只会天天生气。,16
离婚！！！,5
必须离婚,4
坚决离婚,4
必须离婚,4
离婚 堕胎 起诉一条龙谢谢,13
离婚保命啊，姐妹,8
离婚吧，没有好日子过,10
离婚没毛病 女人不能忍耐,12
离婚吧！否则痛苦一辈子,11
家暴只有无数次啊，大姐，不离婚干嘛啊,18
这种的真的太讨厌了，感觉离婚都是便宜他们 真想狠狠地揍回去,29
还不离婚留着过年吗？,10
不想打，带孩子离婚也行,11
支持离婚！家暴不可容忍！这样的渣男赶紧跟他离婚！,24
赶快离婚赶快离婚,8
唉 真的离婚吧,7
打胎且立马离婚。事精母怕是想嫁自己儿子,19
离婚,2
还是离婚吧！,6
焯，快离婚，不然你生了以后他们还这样对你,20
咋调节啥？还不赶紧离婚？,12
绝对离婚！,5
一定要离婚，别信这男的,11
赶紧离婚,4
赶紧离婚,4
赶紧离婚，家暴只有0次和无数次,15
没离婚就该背时打得好，你要是离婚了我同情你佩服你。,25
打胎离婚吧。,6
赶紧离婚跑吧,6
那你不离婚，跑这秀恩爱呢,12
赶紧离婚,4
离婚吧,3
不离婚就是秀恩爱,8
这不离婚等啥呢？现在我同情你，但再不离婚，我只能说活该,27
打胎离婚等什么！一盘核桃都心疼的婆婆，还要过下去？,25
都这样的，还不离婚，我只说祝福,15
离婚再找一个不好？,9
离婚,2
家暴男一个，姐姐我劝你赶紧离婚,15
立即离婚走人,6
离婚 求你了,6
不离婚就是活该，快去离婚…..,15
必须离婚打掉，妈宝加自私忍不了一点,17
赶快离婚,4
就得离婚,4
这不赶紧离婚逃离吗？怀孕都挨打，以后只会打的更多次,25
离婚,2
这还不离婚？等着被家暴,11
这还不离婚之后等着家暴啊,12
离婚,2
必须离婚,4
快离婚,3
这还不离婚！！！！！！,11
赶紧离婚！！！,7
离婚,2
一个妈宝男，离婚吧,9
赶紧离婚,4
帮大家省流一下，最后没离婚,13
立刻马上把孩子打掉离婚,11
离婚离婚离婚,6
女孩多漂亮！赶紧离婚,10
必须离婚,4
离婚吧,3
不离婚，等啥呢？,8
就这还生二胎，服了！尊重祝福,14
离婚,2
我也有女儿，看这个真心酸，离婚吧！,17
这种破破就是影响国家生育率的罪魁祸首,18
婆媳关系有问题的，其中一个就是男人没起到任何作用,24
我的妈呀，就这样还要生第二胎，哎算了，你自找,22
离婚呗,3
速度离婚 不离留着过年啊,12
快离婚吧,4
那就离婚啊，以后都安静了,12
离婚，不用跑,6
离婚啦，废话什么,8
等你儿子离婚了，名声臭掉找不到老婆，看你再笑,22
卧槽不能忍了，打胎离婚吧，美好的明天等着你,21
离婚吧,3
那就离婚吧,5
赶紧离婚,4
既然这样那就离婚呗,9
有这样的婆婆赶紧离婚,10
支持离婚！这个婆婆该不了的话日子没法过！不用忍！姑娘！,27
如果无法解决家庭暴力问题，离婚了自己养活自己的话未必不是好结,30
哈哈绝了，离婚，让他俩自己过,14
离婚吧,3
不离婚就搬出去住,8
投胎这样还能忍到二胎，绝了,13
不离婚等死吧，早晚一天呵呵,13
离婚是对的,5
离婚离婚离婚,6
离婚吧，这还凑活什么,10
赶紧离婚,4
我有个表哥也这样，已经离婚五年了,16
赶紧离婚,4
离婚吧,3
离婚吧！不然更辛苦的还在后头！,15
为啥还不离婚,6
好恐怖，赶紧离婚赶紧跑,11
离婚吧，姐姐这里真的不值得,13
离婚吧，这男的只是把老婆当佣人，还是免费佣人。,23
离呀，现在农村媳妇难找，离婚了也不愁嫁,19
行了，你没资格再看到你妻女，赶快放她打胎离婚,22
快离婚吧，听着都窒息了,11
打胎离婚才是唯一解,9
一言难尽，我也想离婚。可惜没本事。,17
我婆婆好像她婆婆啊，我都打算离婚了,17
离婚,2
赶紧离婚,4
赶紧离婚,4
赶紧离婚，这种妈宝男，再遇上不开眼的婆婆，这日子没法过了,28
那就赶紧让你儿子离婚呀,11
二胎？,3
赶紧离婚吧,5
赶紧离婚吧,5
就冲这话打胎离婚,8
这还想二胎？做梦下辈子吧,12
快离婚啊,4
快离婚,3
离婚吧,3
没离婚啊，那我退出不看了，居然不离婚,18
这种情况都不离婚？那请问什么情况下才达到离婚的标准？被浇汽油,30
家暴只有零次和无数次，离婚吧,14
这还不早离婚呀。。。。垃圾母子。。。,18
离婚,2
这种不劝离婚还给人家调解你们良心不会痛吗？,21
现在离婚很难的，不如一开始就不结,16
离婚离婚离婚离婚离婚离婚立马离婚我曹,18
这姐姐很明显比较有文化讲道理 赶紧离婚吧 说不定还能有新的人,30
不离婚留着过年吗,8
离婚就完了，她的宝贝儿子这个老逼一辈子,19
打胎离婚吧，赶紧回头，别弄得以后有牵挂回不了头,23
不洗衣服打孕妇，打胎离婚索损失费，还要打回去！,23
那就离婚呗，既然这个媳妇这么不靠谱,17
既然这么不满意妻子就离婚吧。,14
离婚吧离婚吧 看他妈开不开心,14
离婚吧,3
离婚吧,3
快离婚吧，逃离火坑,9
离婚吧，别管了，惯的,10
离婚吧 这样太委屈自己不值得,14
什么玩应，赶快离婚,9
离婚啊！老杂毛带着小杂碎过,13
所以为什么还要二胎,9
离婚吧，妈宝跟妈过一辈子，别害人了,17
快离婚了，球球了,8
大姐我劝你离婚。真的这样一辈子不值得,18
互不过眼，还不离婚等啥,11
离婚离婚,4
赶紧离婚,4
有什么好抹眼泪的 赶紧离婚走人不就得了 哭哭啼啼的能解决问题,30
不离婚绝对完蛋这姑娘,10
为什么不离婚,6
看来不止打了一次，以后还会继续打，不离婚等着过年？,25
赵红赶紧带着你女儿离婚吧我这个男人愿意娶你对你好,24
这个真的离婚吧,7
那你它得离婚啊，不就不用为难啦,15
哎哟 他们最后离婚了没有啊 赶紧离婚吧,19
两口子过日子哪有不离婚的,12
居然还生了二胎？,8
快点离婚吧我天,7
离婚吧……,5
不离婚就别说了，说多了都全是伤害,16
离婚，,3
这样的家庭，赶紧离婚,10
离婚吧,3
离婚吧,3
离婚,2
不离婚那就是自找的,9
就这还不离婚？,7
离婚吧,3
一定一定要离婚,7
婆媳关系处理不好，俩人独处的时候，人家当然不愿意带孩子，这是,30
居然还能忍这么久？居然还能生二胎？,17
不离婚以后有得哭吃有得气受,13
赶紧离婚,4
不要啊 这个婆婆和老公不会变的 以后有二胎了 更不好离了,28
调解员，祝你找到这样完美的另一半，并且永远不能离婚，下辈子还,30
为啥不离婚呢,6
这种保证都是假的打掉离婚，这种男人要来干嘛,21
放心还得离婚,6
离婚啦，想什么呢,8
调解员，做个人，让他们离婚,13
还给他生二胎？？？,9
离婚,2
女孩的父母还蛮好的，都支持打胎离婚，好多娘家人都是劝和不劝离,30
天！不离婚可能没命啊！小姐姐哎,15
告诉干嘛 直接打了离婚,11
赶快离婚，过不好的,9
就该离婚,4
动手打人不会改，不离婚以后有苦难言,17
赶紧离婚,4
早就该离婚了,6
这样还二胎？？？？,9
快离婚，还不如离开它们过得得好,15
离婚吧！啥话也别说了，如果这还不离婚，那就是自己找的，活该,29
别瞎眼了，等你生过孩子，打不死你，离婚吧,20
别惦记他们道歉，就是冲着离婚去吧！那个家不值得你留恋,26
不离婚，你活该受气,9
绝对不要，赶紧离婚有孩子找个工作过日子不好吗,22
果断离婚,4
打胎 离婚,5
我擦，不要过来啊，快离婚！,13
不要调解了，直接离婚,10
谁让你不离婚,6
唉，离婚吧，这样你们过不下去的，过不了多久，又是打架，不信试,30
我就奇了怪了，是为了增加就业吗？为什么会有调解员这种职业？,29
赶紧离婚,4
不离婚，会祸害别人,9
不离婚 到时候哭死,9
赶紧离婚,4
赶紧打胎离婚,6
都什么年代了还不让离婚？要苦一辈子？,18
说那么多干嘛。直接离婚净身出户。,16
离婚！！！！！,7
不是要离婚吗，现在如婆婆愿了呀,15
打了离婚,4
就是想要你肚子里的孩子，赶紧打掉离婚,18
要我我早就抽这一家子了 至于在这哭 抽完离婚,22
就这样的还要二胎？,9
要吗离婚，要吗和婆婆分家，让丈夫选择,18
这种的心软啥，有了二胎更难离了,15
离婚,2
说实话，婆媳关系不好儿子责任占5成,17
离婚吧，这都什么人,9
你想啥呢？快离婚,8
离婚吧，啥也别说了,9
别回去了，离婚吧 咋滴也比继续下去更好,19
他儿子来了婆媳关系就瞬间变好了？,16
尊重祝福，千万别离婚，别让这个男的有机会害别的女人,25
我要是妻子在第一次婆婆骂我就离婚了,17
前面的真滑稽，怎样叫处理好婆媳关系？人心都是肉长的，损，,28
婆婆都对，赶紧离婚叭！,11
这么好，赵红离婚，调解员和他儿子结,17
啊这，不是说要离婚,9
姐姐离婚吧,5
快点离婚吧带着亲生女儿离开那个火坑吧,18
还生二胎？？？,7
就这还给生二胎呀？,9
打掉孩子，离婚，你这么漂亮，不愁找不到更好的,22
不是说打胎离婚吗,8
离婚没那么简单啊,8
赶紧离婚，赶紧离婚，赶紧离婚，赶紧离婚，赶紧离,23
你离婚吧 我求求你了 好姑娘啊,15
一胎就这样 还生二胎 勇士,13
自己不离婚活该,7
cao 离婚吧,7
我太了解这种婆媳关系了，不假，就是这种恶毒婆婆,23
不能惯着，离婚吧,8
赶紧离婚，在这个家就是受欺负的命,16
快离婚,3
这都不离婚，尊重祝福。,11
真原谅了？没离婚？？？！,12
未知全貌速速自行离婚，调解个P,15
赶快离婚,4
支持离婚,4
正常现象！日本其实内卷很厉害,14
离婚换个能生的吧,8
不说，赶紧离婚，再找个正常男人生他个一儿半女,22
这种婆婆，还是离婚再找一个老公吧,16
离婚,2
离婚,2
离婚,2
离！离婚,4
就这还不离婚？还挺高兴,11
离婚,2
离婚,2
快跑吧，离婚,6
离婚啊,3
先别说，先离婚，离完婚再说,13
不跟他说，容易离婚。之后祝他儿孙满堂，绿的发光,23
和他离婚再找个老公生个娃抱着天天去前夫附近溜达玩​,25
这男的早就知道他有问题了好吧。。。不然早就跟你离婚了。,27
离婚,2
离婚！离婚！,6
离婚吧,3
姐妹离婚，快跑,7
快离婚吧,4
检查的钱自己的都没有吗……还要借…离婚好好上班吧,24
赶紧离婚,4
不能说，说了难离婚,9
很多人不婚检,6
感觉意思是不说，离婚让他以后再婚也不知道自己为啥要不了孩子,29
离婚换人 生俩轮着抱到原婆婆家门口玩儿,19
说了能信吗？是我也不说马上离婚走人,17
赶快离婚,4
赶紧离婚，不能生的男人要了干啥,15
这还不离婚吗宝,7
离婚，跟值得的人生个大胖宝宝，前夫一家等着被打脸吧,25
说了不好离婚,6
这种居然不离婚,7
能不能赶紧离婚啊受不了了,12
不要跟他说，离婚，生完孩子晒朋友圈,17
离婚，跟别人结婚生娃,10
总结就是孩子跟这老公选一个，不离婚就永远不可能生孩子了,27
赶紧离婚，跟别人生个娃，最好是儿子，再去婆婆那炫耀一把出口恶,30
老公也不向着你，离婚吧,11
先离婚吧，然后再告诉他,11
别跟他说，认下是自己的问题然后离婚，这样可以快速脱身,26
不离婚秀恩爱呢,7
离婚，再找一个，生个老太婆看,14
有生育问题第一应该查男方,12
离婚,2
恭喜，天然丁克,7
离婚,2
离婚太棒了,5
赶紧离婚,4
离婚就对了，他家断子绝孙是报应,15
赶紧离婚,4
离婚也能申请赔偿吧，多次流产造成女子身体损伤，还散播谣言造成,30
那就领养一个，要不就丁克,12
一个不能生的男人有什么用，快点离婚吧,18
领养个屁，建议女孩离婚，,12
不婚检，然后一两次胎停了还不注意，五次流产才来查，这女的也是,30
这要是我，离婚了也得把检查结果贴满他们村,20
这真的。60多岁了。分居吧。离不离婚都没啥关系了吧,25
那还不赶紧离婚，怕啥，孩子又有出息,17
不离婚干嘛啊！！,8
我也准备和凤凰男离婚,10
这不离婚等于窝藏犯人吧,11
这还是离不离婚的问题吗，这不犯法了吗,18
离婚！！！！！,7
这个大姐不离婚等啥呢,10
面临的问题不是离婚的问题，是报警的问题,19
这个嗯，太丧心病狂了，女的还能不离婚？！,20
让他老而无人养啊不离婚还人他颐养天年,18
再不离婚说句难听的 死了还要和他葬一起,19
？你不该离婚吗？,8
离谱，这还不离婚啊,9
你不该离婚吗？,7
我妈不愿意离婚,7
离婚干嘛呀！报警吧！,10
告诉对方父母，报警，离婚，分割财产,17
你不仅该离婚 你还该报警,12
这必须离婚出轨只有零次和无数次,15
不仅可以离婚还可以起诉他！,13
离婚顺便报警吧,7
不但离婚还得报警,8
这还不离婚把他送法庭还愣着干嘛呢啊,17
大姨大概率不会离婚吧。。,12
这种男人不离婚留着干啥，未成年人都敢,18
这是要报警吧。还离不离婚，woc,16
别离婚了，报警吧,8
离婚！把财产搞到手，完了他不愿意就告诉他会去报警，未成年啊，,30
一定不要原谅！！直接离婚或分手,15
我老妈的闺蜜70岁离婚的，男的80岁出轨。。。。,24
快离婚 然后举报他,9
我天，报警然后离婚，你是受害者，你老公都这么不要脸了，还体面,30
我刚和凤凰男离婚,8
原生家庭不太好的人，会在以后找补很多缺失，懂我意思吧,26
那你不离婚留着过年啊,10
这个姐姐感觉有点不聪明啊就这还不离婚,18
六十多岁肯定不愿意离婚啊,12
所以这个姐姐但凡能找出一个过下去的理由就不离婚，咋想的呀,28
龙飞律师一真见血，这种男的真的不容易离婚,20
有路，离婚呀,6
离婚，然后学王力宏老婆,11
听起来她不想离婚,8
留证据。搞钱。离婚。保护好孩子和自己。远离老头。,24
不离婚？？等清明？？？,11
这老头看来原生家庭也是不好，赶紧离婚！,19
赶紧离婚！！！快跑！！！,12
原生家庭…………,8
离婚的时候一定要坚持，男的一家吸血她，一定会劝和，所以心一定,30
离婚啊求求你了,7
离婚！,3
把他钱都分了，跟他离婚，手里捏着把柄，这算不算绝路？,26
我觉得她听起来不想离婚,11
搞不好是老头想生个儿子,11
死老头这种人也拉不下加你离婚 对他事业不好,21
？就这都没离婚？？？？？可真行,15
这种女的 耗一阵可能还是不会离婚的……,19
这要是我妈我第一个劝她离婚,13
这位阿姨想清静也清净不起来啊，必须得有把柄才能顺利离婚吧,28
把自己的房产提前过户给孩子，不要离婚的时候被分走了,25
我有个亲戚也是高知家庭找了个很多姐姐的幺子农村家庭，离婚男的,30
我想离婚（快劝我不要离,11
奶奶！快离婚啊！,8
说不定以后还要坐牢，还要赔偿17岁少女，赶紧离婚吧！,26
原生家庭的问题，根深蒂固，太恐怖了,17
把自己的房产提前过户给孩子，不要离婚的时候被分走了,25
赶紧搞钱离婚报警一条龙,11
离婚了，老头更加放飞自我,12
孩子18岁应该离婚,9
和我爷爷好像…60多岁和我奶奶离婚 然后和一个18岁就跟着他,30
先把证据先拿到手，管他的，万一有一天他真的跟你离婚，钱都被分,30
感觉她不想离婚，UP每次让她离婚，她都不接话茬，另起一行细数,30
我觉得这阿姨是想离婚的，只是勇气还不够，她怕她赢不了那老头,29
我了去，姐姐赶紧离婚吧，再报警吧,16
姐姐离婚吧 60岁出去玩，去环游世界，做一个幸福的退休老太太,30
她在生育和事业之间选择了事业，得到了她想要的，并没有失去任何,30
你快五十岁了还想生小孩？？？？？,16
爷笑了.对她不好可以离婚.,13
这男的想生米煮熟饭,9
离婚分走一半家产呗？,10
离不离婚，还不是你说了算，你能玩死她,18
还没等到离婚，就被搞死了也是有可能的,18
离婚极有可能分走一部分身家,13
正常人离婚都难,7
然后离婚可以分走一部分财产,13
这就是他的目的，结婚然后离婚分财产,17
这就是他的目的，结婚然后离婚分财产,17
但是她智力低阿，骗一下她就会不离婚，所谓的“西方自由”学的到,30
而且，这算高龄产妇了吧，对人也不好,17
离婚了你就分财产了,9
咦现在有离婚冷静期了,10
离婚然后正大光明分财产,11
结婚然后离婚分走人家一半家产吗？,16
只要结婚就有户口，再离婚就完事了,16
离婚不好离的呀,7
高龄产妇，又可能遗传，打掉是正确的,17
结婚了监护人成你了她哪来的离婚自由,17
现在离婚越来越难,8
高龄,2
离婚分财产，美滋滋,9
离婚想分财产吧,7
监护人到时候变成男的，会让她离婚？,17
离婚要财产分割的，你可以搜刮完再走,17
跟出生地必然是有关系的呀，人口多，穷，竞争大，心眼子多这是必,30
离婚分财产啊,6
高龄产妇还是,6
17年怀孕，是43岁左右吧，真是超高龄产妇了，正常人来说都很,30
就是想生米煮成熟饭，要挟,12
这女的快五十岁了！高龄产妇啊,14
关键是孩子可能是不好，而且是高龄产妇，再加上这孩子出生肯定遭,30
如果生还是高龄产妇呀！,11
他想生个健康的就谋财产 生个有问题的就跑路,21
女人30岁以上就尽量不要生育了，高危,18
河南佬想生米煮成熟饭，好结婚骗房子，真搞笑,21
那么大的年龄高龄产妇最好不要生对身体太不好了,22
限制行为能力人就不用太考虑她的想法，因为她对于生存生育根本没,30
丁克是真好,5
妈妈离婚,4
这还不离婚,5
可以离婚了,5
确实不该玩失踪，应该直接离婚,14
一会儿准备领证，一会儿又离婚，真是条理清晰,21
追责，可能是竞争对手收买了印刷厂设计师,19
挺好的，还离婚了，没有持续祸害前夫。,18
离婚了，前夫必须暴击，要不然不好打拳,18
没离婚？更兴奋了！,9
没离婚怎么结婚哟，最下策都用不了,16
废话没离婚，谁结婚谁gg,12
是她没离婚啊，没离婚外面搞怀孕，一般人想的啥,22
看到了没，先出轨有了娃，再去离婚的,17
看到没 没男人就是活不下去 还没离婚就开始找下家,24
还照顾个屁啊。直接去三甲医院体检后，直接去法院离婚。,26
这时候提钱分手就坐实了，如果直接离婚孩子自己养，我还能高看你,30
不合理，应该要离婚，而且不应该给钱。,18
《高龄》,4
36岁确实高龄了,8
三十六确实算高龄了，四十就不建议生了,18
前面的高龄不是说他年龄大是这个年龄怀孕是高龄,22
孕期不能离婚的,7
哎，还是离婚吧，现在太累了，都不容易,18
别想再生育了,6
打胎六次，那么你还有生育功能了么？,17
这时候没提离婚真是仁至义尽,13
孕期不能离婚只能跑路了,11
够对得起他们了，直接离婚就完事了,16
不离婚是等着出殡呢？软蛋玩意,14
讲个笑话，允许生三胎,10
三胎给富人省钱，真好,10
开放三胎,4
招90后吧。这站不是很多发视频说要不婚不育的吗,23
就这还“鼓励三胎呢？,10
三孩？,3
一天一个离婚小技巧,9
离婚冷静期是近两年的，之前去了就能离婚，冷静期不背锅,26
哈哈哈哈哈哈离婚利器,10
"别说181,188也得离婚啊",14
所有人都不想你结婚，你结了。所有人不让你离婚现在你听话了,28
她就不想离婚，哪怕别人随口说一句她也要拿来当证明的。,26
我们这儿还有假装复印机坏了不让离婚的新闻呢,21
这不离婚想啥呢？ 就不该结婚,14
锁死吧，离婚可惜了,9
现在不管什么情况，第一次想离婚基本都是不给你离的,24
为什么离婚还住一起？不如孝顺自己老妈,18
不是那个想办法阻止离婚的“最美”红娘吧？？？,22
想生孩子不结婚自己生也行啊，至少不用管一大家子人，只需要养孩,30
肯定是脑补的，哪个碳基生物会用这种借口劝人不离婚,24
送孤儿院吧离婚吧，自己才是中心,15
她妈妈是不是觉得她有点傻能帮着就帮着别离婚。。,23
好好好我现在也不让你离婚，你俩一定捆一辈子，烦死了！！！,28
有这家庭条件，实在想生，当初去父留子都行啦,21
不过离婚了 祝稿主好运吧,12
婆婆明显不希望他们结婚，也不想跟她家有经济来往，怕离婚了被她,30
6，那你为啥离婚，再算一挂不就行了，算着算着 一生就过完了,29
估计是觉得原生家庭不好，就想自己成家吧,19
离婚,2
会不会算命大师是催生所的，专门提高生育率,20
让她离婚成功真是多亏了戒戒，做了件好事,19
离婚了就好，不然被这个老公吸一辈子血,18
不迷信早就离婚了，只有迷信才能说服自己将就,21
感觉就是生活环境不让人离婚的错,15
原生家庭+搞封建迷信+恋爱脑+自身性格问题,21
能离婚挺好的，但是这位大姐，别再算命了,19
如果没有经济压力，婚姻还是很幸福的,17
这就是自己想生,7
《太惨》《不想离婚》,10
“不想我离婚”是什么啊 蚌埠住了,16
啊？看你太惨不是更应该想让你离婚吗？,18
太惨还不离婚,6
这时候我家为了供大仙卖了房子 同时还买了辆新车 经济压力很大,30
那是生育保障金,7
人家确实是以结婚为目的啊，法律又没有规定结了婚就不许离婚,28
古代没有离婚吧,7
以前离婚难，给彩礼是正常的。现在离婚容易啊。,22
离婚彩礼不退，贷款你得还,12
历史个毛，历史上有这种高价彩礼的？那还说历史女的还没权利离婚,30
离婚的时候不分一半家产都算好的了。哈哈哈哈,21
可以啊！钱给谁找谁要！结婚吗，在一起一家人一起还。离婚钱在谁,30
单独立所谓的保障反而是一种歧视，你觉得对方是弱势的,25
千万不要领证，现在都可以未婚生育还领什么证啊,22
这不对啊 第二次领结婚证 不需要把离婚证上交嘛？？,25
既然国家鼓励结婚鼓励生育鼓励着鼓励那，真到损失了当然应该国家,30
怀了但是你没有权利私自打胎 这是侵犯了男方的生育权利,26
但是是女方提离婚的啊,10
男方没有生育权……,9
婚姻登记不是要出示离婚证吗？这都发现不了女方结过婚？,26
我闺蜜离婚，连男方买的五金钻戒男方的母亲都收回去了！更别说彩,30
结婚时候的债务是双方的，但是离婚了大概率会判给男的,25
没事，她不用打工离婚就行,12
不啊，她离婚了不就没了？,12
高龄产妇。。。,7
是不是就是因为这女的离婚的？,14
给了薛那么多钱，问一句怎么不离婚就成作了，男的真的，绝,27
你和人家在一起，你不离婚??,14
没离婚怎么敢公开,8
这是什么繁殖癌，有孩子就结婚没孩子就离婚，这会儿不卖对前妻的,30
出了钱不离婚，还说女方作，臭渣男,16
又不是因为女的才离婚,10
当时离婚还上了热搜主动发了离婚协议送了虹口的一套房,25
???早分居签离婚协议了差钱没付清也叫出轨?又不是瞒着高,28
出轨不就是指隐瞒对方吗？签了离婚协议这又没瞒,22
他的意思可能是如果没离婚就在外面有孩子搞出来会出事,25
薛之谦跟女方说了自己没有感情分居离婚进行中，所以李才会给他钱,30
结婚为了孩子，离婚因为流产，这种行为粉丝还能洗就觉得好笑,28
都一起买房了还没离婚。。。,13
所以为啥要离婚我都还没有看懂,14
钱拿到了就说人家催你离婚。。。,15
花了那么多钱当然着急薛快点离婚啊,16
没离婚然后和别的女的同居还怀了孩子？6,19
。。。。什么鬼 又拿人好处又不离婚 反咬人家,22
可笑的是有人还说真正的爱情是薛之谦离婚复婚的对象都是同一个人,30
录音里想离婚被高威胁 演唱会向高深情求复合 绝了,24
高克薛，一离婚薛就大火，一复合薛就塌了……,21
女方想要直接跑，生育权抓在自己手里,17
生育权在女性，也就是说生或者不生，她可以全权决定。至于男人，,30
女人想生就生，这种事情男人没有插话点资格,20
说实话，生育权为女性独有，外人干预不了,19
买断一个人的生育能力，三万够？,15
生育是对女性的压迫，所以他是好男人（狗头）,21
三万买断人家生育能力，你觉得你凭什么？,19
还没分手就想着以后自己有老婆孩子了，你女友以后不能生育就不顾,30
零和博弈嘛，大橘是利益来源，其他女人是利益竞争者,24
大橘是绝对权威，虽是夫妻并不平等，而其他人是竞争关系,26
真的就是臣妾做不到，那个时候又不能离婚，他所有的依靠都在皇上,30
如果宜修不内卷，只是安安稳稳的，皇后和太后之位很难丢,26
打了，离婚,5
那你想生下来？？,8
医院里排队流产的跟排队想生孩子的一样长,19
生育对于女性本就是不公平的。人工流产是对非意愿妊娠的补救，是,30
不想生就不要做,7
远离婚前性行为女孩子们,11
生育对于女性本就是不公平的。人工流产是对非意愿妊娠的补救，是,30
我妈当年意外怀了二胎，记得她流了一个多月的血,22
丁克竟是我自己,7
还好我不婚,5
不婚不育，洁身自好从我做起,13
难怪生育率降低,7
所以生育一定要有计划，否则就做好避孕,18
更不想生孩子了，告辞,10
女性拥有生育权,7
不想生孩子了,6
为什么不合法？她们自己有生育权,15
她们不想生就是不想生母亲也有生育权,17
已丁克，多谢,6
每一种都必须是合法的！女性有生育的自由！,20
说明我国女性能自由支配生育权 这并不是坏事,21
堕胎一定要合法，因为这样女性才有自主生育权利。,23
不想生孩子的家人们,9
这是为了教育 性教育，而且生育字由！,18
再残忍又怎样 该堕还得堕 女性有掌握自己是否生育的权利,27
不想生就别发生关系,9
不想生就不要发生关系,10
不想生就洁身自爱，别发生关系,14
但是不管怎么说生育的后遗症比堕胎大呀,18
不管自己是否选择生育，都请不要开一些过分的玩笑,23
感谢这个视频，在网络上很少能看到有关女性生育、两性知识的，虽,30
切记，纳入式是生育行为，不是性行为,17
不婚不育者表示无所畏惧,11
主动离婚，休夫，丧夫,10
每天一遍，不婚不育,9
医学界有没有性别歧视,10
生门改变了对生育的看法，生老病死，生在最前,21
丁克丁克,4
丁克,2
二胎宝妈路过,6
不想生加一，现在没什么能改变我的想法了,19
丁克丁克,4
不想生女儿了,6
那就生育时做好了,8
我妈妈身体不好，怀了第三胎才保住我和姐姐,20
想生完孩子就节扎自己...,13
其实男医生态度比女医生好的多，也不会歧视,20
男女医生是看自己个人能不能接受好吗，没有歧视男医生啊，只是不,30
男妇科医生不被接受很正常啊这不是性别歧视，谁管你gay不ga,30
之前我也看过节目 老师给我们放的 当时就觉得生育真的是一件很,30
不想生孩子,5
怪不得国家不普及性教育 女生更不想生孩子了,21
我姐8个月胎儿血管瘤不得不打针等胎死引产，今年已经生二胎了，,30
要不是互联网 还会有更多女性被蒙在上一辈子的生育谎言中,27
第一胎八周胚胎停育，第二胎现在宝宝出生6个月了,23
唉真不容易，但也想说，不婚不育真的好快乐啊,21
我妈就是 第一胎流产了 我是第二胎,17
生育是个人选择，不生不育没什么好骄傲的,19
生育本就是很艰难的事情，发生什么都不奇怪,20
并不搞笑，作为一个不想生孩子的女生我也共情到up主了，真的想,30
生育是一件很难的事情，是一个缘分，不是母亲的错,23
真的最近在了解到现代人的身体素质没以前好了 生育率低很多,28
虽然我也不婚不育，但是妈妈们真的很伟大。,20
所以说啊，只有女性能切身体会到生育的苦，生育真的是很痛苦很艰,30
看到这我只能说我更恐生育了,13
我不婚不育，把宝宝的名额给姐妹了，希望你拥有一个健康的宝宝,29
很伟大。不婚不育,8
宫缩真的，所以生啥二胎，不想再经历的噩梦,20
对我身边有那种丁克家庭 想要宝宝的事情应该是两个人共同决定的,30
生育从来不是简单的事,10
我的天呐 我不想结婚，我不想生小孩，好恐慌啊,22
我已经是二胎妈妈了，感觉你这比生孩子痛啊,20
一点都不想生孩子！,9
顺转剖，孩子生了五天，坚决不要二胎,17
就是知道得多所以我一早就放弃了生育这一选项,21
女二不可怜哈 就是她给了假离婚书陈欣怡才发生车祸,24
纪存希说的签字是离婚协议 但是安娜给陈欣怡说的还有一份流产,29
男主说的合约是离婚协议书，里面还对女主进行了补偿,24
男主以为合约只是单纯离婚，但是女二骗女主合约里面要打掉孩子,29
不是离婚协议 是人工流产同意书,15
纪存希说的是离婚的，陈欣怡以为是流产的,19
男主想给她签给她很多钱保障生活的离婚协议，女二换了假的人流同,30
纪存希让她签的有赔偿的离婚协议书，Anna给陈欣怡的是流产同,30
两个人，一个说流产同意书，一个说离婚协议书，一个讲东一个讲西,30
这里他俩都误会了，一个以为是离婚协议书，一个以为是流产手术同,30
本来是要签离婚协议书的,11
生育工具实锤,6
现在放的话肯定不会删了，因为要鼓励三胎了都,21
他给的是离婚书，但因为女配给了她流产书她以为他要把她的孩子流,30
其实法律上陈欣怡不同意离婚这男的是离不了婚的,22
换现在播的话就不用改了，因为提倡三胎了,19
好像这里存希以为是离婚协议，但里面是人工流产同意书……欣怡也,30
男主拿的是离婚协议书，女二给陈欣怡的是流产书的，陈欣怡以为男,30
存希要给的是离婚协议，安娜换成流产同意书，欣怡误会了，流产这,30
怎么不怪安娜了，她把离婚协议换成打胎的,19
本来存希已经要和她离婚了，安娜让她签字才这样,22
要不是安娜，她就不会跑出来呀，离婚协议她本来就签了,25
为什么不怪安娜？寄存希拿的是离婚协议书，但是安娜给陈欣怡看的,30
女二把男主的离婚协议换成引产手术同意书给女主了，所以女主因为,30
不怪安娜？安娜给人家流产手术同意书，纪存希给的是离婚协议书，,30
宫外孕多的很。。有的生二胎三胎最容易,18
纳入式=生育行为，不要小孩就不要纳入呗,19
我只想说太长的字置顶看不全哈，而且生育能力被妳说不公也是很好,30
了解怀孕以及相关风险再去生育，不要不做功课一头扎进去，苦的是,30
好可怕，分享自己的经历还要声明不是为了引起生育恐慌,25
不婚不育，不说芳龄永继，至少能捡两回命,19
对小孩和生育一直很抵触，甚至厌恶的程度，现在依旧如此，希望大,30
看哭了，瑞尼一定会越来越幸运的经过这次后，女性生育好伟大,28
我二胎第一个超就是阴超 伸进去的,16
女性生育的代价太大了，各种风险各种问题要面对,22
前面的，女生是可以决定自己的生育时间的。别用拖不拖，晚不晚这,30
前面有个性别歧视的弱智居然还说自己没有恶意,21
原生家庭真的很重要,9
原生家庭,4
妻子的还不和这种男的离婚，留着不嫌脏,18
这样以后还能有生育能力吗...........也太恐怖了吧,29
很简单，跟医院打官司，打赢了医院赔钱，打输了，拿着证明离婚,29
可以去医院检查，没有生育与流产的状态是不同的，可以检查出来,29
老板:你知道的我喜欢人妻，你要是离婚了我可要找新秘书了,27
看完真的想哭 去年我怀二胎 宝宝在孕六个月的时候破水了保不住,30
……流产次数多了以后想生也生不了了,17
女性不是生育机器啊,9
这男的还想生孩子 配吗,11
小产假还有生育津贴,9
我永远都跟他说我不想生孩子，要分手找别人趁早，别到时候说我耽,30
原生家庭的问题吧,8
把女性当生育工具……,10
女性不是生育工具,8
我女儿一个我就够了。二胎。我yeu,17
这个女孩子的原生家庭教育估计也不太好,18
原生家庭没给她多少爱吧,11
原生家庭带来的自卑吧 可能出身不好 但一个愿打 一个愿挨,28
到时候结婚又被男友嫌弃不能生育,15
这个女生好卑微啊！可能是来自原生家庭的伤害吧,22
我觉得可能跟原生家庭有关 唉,14
这姑娘的原生家庭肯定有问题,13
还没结婚就想着离婚,9
但是以后想生孩子的时候怀不上，那那个狗男人又会说不是他的问题,30
等到哪一天这个男的想要小孩了，这个女的还有生育能力吗。。怕不,30
这？原生家庭绝对有问题！,12
我生了二胎想让我老公结扎，但是我爸妈说结扎了我老公就成太监了,30
她男友应该是不会跟她结婚的，男的不会拿自己老婆的生育能力这么,30
这男的最后因为她不能生育或者身体不好了，这男的肯定不要她了,29
如果原生家庭的养育够好，给的爱够多，她也不会这样,24
在我国，生育知识完全不教，人流广告却满天飞,21
有一次跟医生门诊时遇到一个高龄患者，说要怀孕行不行，医生问为,30
大家别劝了，这是自然选择，她就应该流到失去生育能力,25
原生家庭,4
我敢保证，这男的最后会嫌弃她说她不能生育跟她分手,24
内卷人,3
本来就门不当户不对，现代也是，不歧视但融入难,22
离婚干啥，阿昌多好,9
这是以前离婚率低的原因，根本没有离婚权利,20
不是歧视平民的问题，她的职业是陪酒女所以不敢说,23
因为祝家对她一直有歧视加上老公意外离世，在她的视角里大家害她,30
要我我就离婚，渣男渣女死远一点,15
这网友根本不是来问要不要离婚的，而是咨询捞钱手段的,25
婆媳关系那么差，平时没少挑拨吧,15
离婚了那不就又要祸害老实人了..,16
你别说气话噻，直接离婚协议书给她噻,17
在一起不幸福，可以离婚的，对彼此都好,18
离婚啊,3
仙女对常年家暴（冷暴力）忍无可忍，愤然提出离婚，真是“新时代,30
坟头蹦迪谁不离婚⚮⚮⚮⚮,12
加油离婚,4
别离婚，继续在一起吧,10
想提前离婚？怕检查出孩子不是他的，怕净身出户,22
卧龙凤雏，别离婚害人,10
怀孕不准离婚的,7
你们两千万不要离婚不要再害人,14
你俩可千万不能离婚啊，一定要在一起，千万不能祸害别人啊，乖听,30
绝配，不准离婚害别人,10
绝配，这对可不能离婚啊,11
离婚吧,3
千万别离婚，你们俩真的挺合适的,15
求求别离婚,5
怀疑期间能离婚吗？,9
千万不要离婚不然要求祸害别人了,15
这一对千万别离婚！！,10
女的和妈妈姓，应该也是离婚了或者爸爸死了,20
流掉离婚不好么，这俩人都不适合生育孩子,19
真是别离婚了，免得坑害别人,13
还是不要离婚去祸害其他人了,13
两个都不是好东西，别离婚免得让其他人受害,20
别离婚去害老实人了吧,10
别离婚，可别去祸祸好人,11
这两个无论结几次婚最后都是离婚收场,17
孩子才七个月，肯定不能离婚,13
艾玛，可别离婚了,8
以后结婚还是先考试吧，然后规定多少年才能离婚，或者婚内出轨，,30
支持男方离婚,6
你两凑合过吧，别离婚,10
现在孩子出来，父亲不知道是谁的又闹离婚,19
就是想离婚骗钱,7
别离婚了 一起过吧，反正都是渣男渣女,18
为什么不报道我 我为了找到工作都不婚不育了,21
打工人请假＝失业,8
丁克吧，小朋友真可怜,10
难道师母不该骂么 师母也是瞎 直接离婚才是正确解决方式,27
前面的我觉得比起管她老公最好还是离婚，出轨只有零次和无数次（,30
这还能二胎 尊重祝福吧,11
小三确实可恶，那么是不是男老师离婚了，你就不想告他了？,27
老师夫妻还要二胎，神来之笔,13
搞臭他 让他失业也行啊,11
还二胎,3
说啥咋不和男友分手 咋不让男的离婚呢doge,22
你要真想和他在一起先离婚先分手啊，老师禽兽女孩也没说的那么无,30
很好奇女孩的原生家庭,10
还二胎?嫌孩子受的苦少吗?,13
还二胎,3
这男人最不是东西，那老婆还生了二胎，女孩大学了应该有了自己的,30
我大学的老师就夸张了，直接离婚让这个学生女孩当时21岁怀孕嫁,30
人家有老婆，有孩子，是不会离婚的,16
天呀，看完这个都不想生孩子了！太可怕了,19
有本事离婚 在是真爱,10
笑死 二胎都要有了,9
建议直接离婚 这种婆婆和男人不要也罢，简直活阎罗,24
趁机想离婚吧这是,8
先离婚再起诉医院,8
这老公离婚吧,6
离婚吧,3
男人只有一时冲动才会娶媳妇儿，娶完立刻就想离婚，所以真的别娶,30
这男的早就想离婚了吧,10
这男的早就想离婚了,9
居然是差点离婚？,8
这个生育史应该是主诉项吧,12
差点离了婚？意思说没有离婚？,14
我觉得这位女士应该离婚，很明显的不可能的事情被夫家拿来做文章,30
这男的就是奔着离婚闹的吧,12
你老公就是想离婚吧,9
还是离婚吧…,6
这个老公早就想离婚了吧，这给了他一个绝好的借口,23
这种情况当然会离婚，这时代了，信女性会变得不幸,23
刚好找借口想离婚呢,9
早产24次这么夸张的数据她老公也相信，不是没脑子就是借机离婚,30
还叫老公呢 人就是嫌弃你 找个借口罢了 不离婚等着过年？,28
这男的怕是早就想离婚了 这就差个合适的借口了,22
明明就是想离婚，拿着当借口罢了,15
被逮住错漏了，赔钱吧。人家都和老公商量好扮演假离婚，你说你赔,30
老公就是想离婚有外心,10
害 肯定是她老公想离婚了，抓着借口了,18
这生育能力猪都做不到，她老公故意的,17
男的肯定是找借口想离婚吧 早产24次就够搞笑了 居然还没脑子,30
这就明显是找到离婚理由了啊,13
录下他离婚的话，去医院纠错，然后让他净身出户,22
想离婚就是有外遇 ？谁知道是不是女方平时干一堆破事,25
直接算下就知道不可能了，男的绝对是想离婚,20
早都想和你离婚了,8
这男的就是想离婚吧 腻了吧,13
这不应该是当场离婚吗？,11
这不离婚等着干嘛,8
离婚吧，笑死,6
这男的不行，离婚吧,9
男的就是想离婚,7
我记得没错的话人类生育的极限是20次……,20
这种一口咬定的男的也可以一口咬定的离婚了,20
这有啥可怀疑的。。你老公只是想和你离婚没借口吧,23
这不是就想离婚，找个由头么？,14
找借口离婚吧,6
建议离婚,4
这男的是不是早就想要离婚了？,14
这男的不行，他就是想离婚，早踹了早好,18
你老公早就想离婚了吧,10
这也太明显是数据错误了，不至于要去离婚吧？丈夫会这样一点都不,30
这死男人就是想离婚找借口吧,13
离婚吧。这老公绝对有问题。,13
他老公就是找借口离婚,10
会不会她老公有这离婚想法，只是有了由头而已,21
家庭影响呀，都被你们医院搞离婚不说，李女士的清白怎么算呀？真,30
先离婚了，再告医院,9
无知啊。流产加早产，这个数肯定丧失生育功能了。,23
离婚吧,3
哈哈哈哈哈离婚吧,8
人家都离婚了…,7
因此，离婚是她自己认为的？,13
生育史的数据不是患者自己跟医生说的吗,18
拿一大笔钱，离婚也不亏，只能这样办了,18
快离婚吧，男的真面目已经出来了,15
哈哈故意的，好提离婚,10
谁也不会心平气和，提出离婚说明还有点气概,20
美满个p，找个由头离婚罢了,13
我认识一个女的，她是真一年打三胎。。。,19
换我就离婚，然后找医院索赔,13
s原生家庭也重男轻女，估计问出来也有数,19
干嘛不离婚,5
离婚啊，留着过年？,9
女主咱们离婚！跟男二走,11
那就赶紧离婚！,7
这不离婚？,5
不离婚留着看脸？？？脸也会被杀猪刀打败的,20
什时候离婚 我想直接跳,11
天啊。老婆因为你流产不能生育。你反应好平淡。,22
虽然但是，超雄综合症本来就缺乏生育能力,19
不要。本来就不想生。我可不想给世界再造一个杀ren犯出来,28
有影响，而且存在不可逆影响，但你要实在想生还是生吧,25
听说孕妇的分泌的激素会让她理性落败，哪怕孩子残疾也想生下这个,30
不婚主义万岁,6
超雄没有生育能力吧……,11
超雄没有生育能力,8
emm…更不想生了,9
我记得之前看过一个科普，好像说超熊二本来自身生育能力就不行来,30
没有意外这种感情就离婚好了,13
这种女的赶紧联系律师这么离婚让她净身出户，找下一个,25
赶紧离婚，这女的留不得,11
这个老公脑子不太灵光，这个生育记录非人类呀,21
离婚吧,3
这是找理由的，估计想和你离婚了,15
赶紧离婚这男人不行,9
这早得失去生育能力了吧,11
太离谱了，流产7次就不可能生育了，怎么可能生的出女儿，这丈夫,30
什么医院呀？一版普通体检不会写生育史的吧？都是生孩子之前医生,30
还完自己清白就离婚吧,10
？这种男人不离婚留着过一辈子呀？,16
摆明了找借口离婚。,9
有没有可能这个丈夫早就想离婚了，毕竟这个报告离谱了,25
这他么不离婚干嘛，这正常人能说这是真的？,20
卧槽离婚吧,5
可以离婚了 然后起诉医院,12
离婚吧 要不没脑子要不就是想离婚,16
离婚吧,3
这男的有问题 不接受就离婚啊,14
没信任，正好先离婚再搞证据，省得离不了,19
这是一个院长说的话，人家都快闹离婚了,18
丈夫就是想离婚，这只是借口，他连真相都懒得查,22
难道没有吗？人家被你们害得都快离婚了,18
先离婚再去医院谈赔偿，谈不拢法院告医院过失导致自己婚姻破裂,29
24次起码二十年生育史,11
为这种人不值啊，让她离婚滚蛋就好了？,18
三到十年吧，不值得，离婚就是了,15
挺好，直接离婚,7
……直接离婚不就好了,10
直接离婚可不够,7
赶紧离婚,4
这不得离婚？？？？,9
挺好的，现在离婚还来得及,12
TMD，直接离婚就好了，失去的东西本来就没有拥有过！,26
办理出院不顺便办理离婚？,12
现在遇到个事就搞男女对立地域歧视，都是有毛病,22
在哪当不是当啊哈哈哈哈保安最不怕失业了,19
哈哈哈哈保安最不怕失业了,12
婆婆三胎关儿媳啥事,9
人家要三胎咋了？吃你家大米了？,15
婆婆要生是人家自由，儿媳离婚也是人家自由,20
我他妈要是她老公，当场离婚、什么玩意啊,19
我要是她老公，当场离婚,11
离婚咯,3
有没有可能本来不想要二胎，意外怀孕，故意加班,22
这种奋斗13就是破坏就业市场的根源所在,19
哈哈二胎,4
别急，离婚冷静期冷静一下,12
我嫂子他们就这样，也离婚了，然而现在我嫂子要回来，尊重祝福,29
上海人特别歧视农村人，穷人,13
上海人歧视的不是外地人，而是低素质的人,19
那你为什么不避孕？为什么不避孕？活该好吗？哪怕离婚把孩子生下,30
对婚姻不满意不能先离婚吗,12
这男人也有问题，接受不了离婚就好了，折磨人干嘛，又恶心别人又,30
说活该的是？？？介意就早离婚啊，以前流过又不是婚内出轨，这种,30
报复也不能这么狠吧，当初直接离婚就好了啊…,21
真够狠的 你要不接受离婚得了 还等人怀孕生你的小孩的时候分手,30
现在分娩后一年内都不能离婚了,14
看弹幕，这歧视言论还敢自信？,14
原来根本问题是工业化社会的生育率下降，但禁堕胎也不解决问题啊,30
生育竞赛是吧哈哈哈哈哈,11
离婚冷静期,5
你是在败坏帝国海军的生育！把腿岔开,17
不是不准堕胎难道生育率提高最多的是白人吗,20
应该直接禁止黑人生育？,11
高加索人是最白的 他们在歧视链里在哪个位置呢,22
冷知识：咱们国家30天的离婚冷静期比欧美很多国家都短的多,28
原来白人里面也有歧视链,11
禁止非白人女性生育不就好了,13
拼了命的生育,6
那建个生育工厂不就得了,11
你们生三胎啊,6
搞个高额生育奖金，生一个孩子奖励200,19
怪不得离婚咯,6
现在sales 都这么内卷了么,15
一边招人移民一边搞歧视 可能是充人的,18
其他有色人种受待遇歧视收入低普遍穷,17
不是歧视 是最好不要外跑 留在自己国家 要不然怎么那么多人觉,30
有没有一种可能，黑人的生育率就比白人高，基数就不一样,26
你说没工作不养娃，那就解决就业，你说教育资源不够就解决教学问,30
凭什么全让女性承担生育风险,13
内卷了,3
如果不让孕妇吸的话，是不是涉嫌歧视呢？,19
现在社会对丁克很宽容，那能不能对愿意生孩子的也宽容呢？,27
要想生这么多，有一个前提是你得有钱。,18
一个都不想生,6
不是说歧视，只是觉得很不可思议！因为在中国我觉得没有任何一个,30
佩服我生二胎，宫缩痛起比头胎老火，越生越痛。,22
生育机器,4
说生育机器的脑子有没有问题，人家愿意生啊,20
这有点太多了 不过美加什么的一般会鼓励生育 生孩子给钱,27
究极内卷？！,6
三胎是限制纯中国人的家庭，有黑人的混合家庭生4胎5胎都不罚款,30
内卷严重,4
她是属于极少数的那种会生育高潮的人吧,18
不用处理婆媳关系问题，真好,13
我想生孩子 但是没钱养 就这样,15
哎，我还是不想生,8
我爸妈经常吵架 没离婚但是隔三差五的吵架 当时就不太想结婚了,30
说得我以后想生4 个,10
我想生双胞胎,6
感谢我的爸妈，他们去年离婚了，两个人做不了夫妻，但是能做朋友,30
那些歧视单亲家庭孩子的人被好好上了一课,19
我父母也差点离婚，我爸出轨了，但我妈居然选择原谅,24
我爸妈在我一岁时就离婚了，唉，不说了,18
我爸妈也是离婚了啊，但我依旧相信爱,17
看完并不想生,6
好歹是爸爸妈妈一起照顾 不然妈妈也不会想生那么多吧,25
让他们来中国，辅导作业能减少生育率,17
哪里？可怕的生育率！,10
这个题材真是妙啊中国开放三胎了,15
究极内卷,4
我作为基督徒感觉受到了歧视和侮辱,16
这么大了，就此夭折，万一以后孕妇不能再生育呢！你让她以后怎么,30
还说为啥生育率低，这就是原因！这么对待孕妇，谁愿意生？,27
不是说现在生育率低吗？不像啊,14
就这样还三胎，一胎都保不住,13
就是没及时生育没得,9
真的这种直接离婚,8
鼓励内卷是吧,6
md 离婚抚养费也要给啊 是应该的啊 怎么拿这个威胁老师,28
女主很坚定要离婚啊，孩子是无辜的，她想生也没问题啊，怎么说也,30
女主完全可以找园帮忙，肯定立马能离婚,18
18岁高龄孕妇,7
一个么得感情的生育机器,11
不想离婚么,5
离婚律师也演过,7
离婚律师,4
二十几岁就不适合生育了,11
这就是国家开放二胎的原因,12
二胎,2
二胎来了,4
真二胎！！,5
二胎还好哈哈哈,7
二胎的节奏,5
二胎，哈……哈士奇,9
一天一个离婚小技巧哈哈哈,12
这不离婚等着包饺子呢，畸形家庭狗都不嫁,19
生二胎,3
不离婚就尊重祝福，反正都是丧偶式家庭，离婚绝对不会比现在更惨,30
这种不离婚的话，就是自找的,13
离婚啊等什么，等下次还是自己一个人吗,18
这种人不离婚留着冷静期开汽车来吗,16
啊啊啊～你好好赚钱～离婚,12
这种不离婚就不要发出来给观众看了，她都不爱自己了，让观众爱吗,30
离婚啊,3
离婚啊,3
时刻提醒自己不婚不育,10
意外怀了二胎是谁的？视频发完整别让广大网友又被蒙骗。,26
就是普通朋友，也做不到这样冷血，还不离婚，图什么？,25
协议里写的是不领结婚证哦，可没离婚这个说法,21
小玉出狱再就业？,8
结局是她离婚后做了导演还拿奖了,15
这也是吉娘娘离婚的原因吧,12
救命居然不刻画两人家庭矛盾而是恶毒女二,19
就好像不给女人科普生育带来的损耗一样,18
不能离婚就准备好丧夫,10
不能离婚，你可以逃离 如果真的极端到丧夫，那是双输的局面,28
离婚冷静期,5
看这精明的男人，立马想好了不离婚，妻子的钱投入剧团，多聪明的,30
我爸一直说我妈笨，不守妇道爱和人说话，现在妈离婚了还是觉得那,30
离婚这件事不是本来就是个人选择吗？想离就可以离开呀,25
笑死，国内这种会被骂制造焦虑引导离婚,18
离婚冷静期,5
不离婚留着过清明节？,10
最可恨的不是那个爸爸吗？孩子的成长和婆媳关系中他隐身了吗？他,30
我懂了，逼我离婚，他要和 jk在一起，曲线救国,23
他不是出轨了吗，不用纠结啊干脆离婚好了还怀孕了赶紧解决掉啊）,30
堕胎多了会丧失生育能力,11
没有生育能力（.jpg）,12
真的，在以前公司还碰到故意找个单位生二胎的那种，生完没多久就,30
哈哈哈，这对难怪离婚,10
不然他俩能离婚吗,8
所以他是前夫，他俩离婚了,12
米妈离婚了活得也很滋润的,12
离婚快离婚,5
看都不去看，不离婚留着过年？,14
就该离婚啊！离了婚以小米的条件完全能找一个更好的！,25
还好吧，很多女人不想生孩子,13
海藻永远不能生育了,9
那是以前的了，现在不婚育是很多女人的追求,20
看到一个生两孩的，第三胎家里不让要流产，疼抖着哭了，不会打麻,30
没有百分百避孕的措施，除非不能生育。。,19
丁克,2
不想生孩子的一定好做好安全措施啊,16
我表姐就是14周以上，因为彩礼没谈拢离婚了，打胎让她抑郁了好,30
女性真难，胸部发育是羞耻月经是羞耻现在生育过程也要被说是脏的,30
up你不要盲目喷，她说的是真事，真的有很多男人因此选择离婚,29
好照顾男性的阴影啊，亲历生育的女性有阴影怎么还得生呢,26
我记得以前好像就有陪产之后因为这个原因男方跟老婆离婚的,27
瞬间不想生了,6
恶露这个名字也很有歧视性…,13
岂不是每个生育的女性在生产都“脏兮兮”？,20
所以不要生育！,7
听着我就不想生了,8
这是污名化生育啊,8
老婆能看老公不能看？歧视男性？,15
这个医生身为女人 如此贬低生育的尊严，令人汗颜,23
新闻有过很多离婚的,9
产妇听到微笑地打掉第三胎,12
恶露不是歧视，是沿用以前中医名词，因为产后恶露不尽会导致感染,30
之前看到个新闻：“老公陪产后离婚了。”噗，我都要笑死！,27
女人生育痛苦还有阴影呢,11
恶露是一种病理产物，很正常的，不算是歧视吧,21
有些接受不了，更不想生娃了,13
女性生育是一件很伟大的事情，这个医生这几句话全程就没有尊重过,30
如果一个男的连这都承受不了，那么我宁愿离婚,21
觉得恶心直接离婚，让他去找个生孩子跟天仙一样的,23
不想生了,4
真不想跟这个老公生，不值得，已经闹离婚了，希望早日离婚,27
我已经不想生了,7
说的我都不想生了，自然界分给我们女性这个生育能力我们就应该承,30
何止冒犯，已经不想生了,11
我一个朋友老公陪着生的 生完孩子没多久就离婚了，和我说以后生,30
我是二胎陪产的，表示没啥啊！,14
我老公表示一点感觉没有，还有了二胎,17
反正我听了之后，更不想生了,13
就算真的看到了男方留下阴影然后离婚，也是男方的问题吧,26
受不了离婚吧，下一个更乖,12
那建议直接离婚，不建议这种人有孩子,17
离婚只怪女性生孩子 女性不生也要以此为理由嫌弃自私哈哈哈哈哈,30
这样就选择离婚的男的也没必要和他生孩子,19
前面说有男的因此选择离婚的，我想说这种男的不要也罢,25
离婚之后再找一个生孩子也是这样啊,16
前面的就算真的有男的会。因为这个事情而离婚那这种男的要他干啥,30
就算因为这个选择离婚也是男人的问题啊？？？,21
只是找一个离婚的理由,10
这样就离婚了?,7
看了生孩子就要离婚，也是个人渣,15
因为这个场景就离婚的只能说离了也罢,17
那就离婚呗,5
那就离婚呗,5
离婚才不是因为这个好吗,11
离婚？那以后不就只能找同性了？毕竟女性都差不多啊,24
那就离婚,4
你一个妇产科医生关心别人离不离婚干嘛，这个真是医生？？,27
老六最棒，这样的男人多一点，女人就能少收歧视,22
yue了，离婚成吗，这种男人难道还留着恶心自己吗，这种话实在,30
人家就不能是感情破裂，养儿分歧，家庭矛盾。就非得是心里阴影，,30
有的女的一样阴影，宁愿离婚也不要二天,18
她可能是想说，生完孩子就离婚的，都算在看过了“肮脏的”生产过,30
那离婚呗 要这种男人有屁用,13
有得选择 谁以为女性想生孩子呢，搞笑,18
额，没陪产的离婚也很多。,12
女性对女性的歧视和恶意,11
无语，还不如离婚,8
必须陪产，防逼二胎,9
能因为这个离婚的我只能说该离！,15
终于有人说这个了，之前看新闻播类似的这种离婚案我就很纳闷,28
人家离婚还找你？,8
如果说就因为这个离婚，说明这段婚姻本来也不怎么样。,25
如果男方有这样的思想就可以离婚了,16
男人那么多事就不要给他生了，什么事都赖女性赖生育,24
这“医生”为什么只站在男性角度来评价生育啊,21
这种情是本身就感情不咋地，陪产激发了矛盾罢了，不陪产照样离婚,30
还真有很多因为看了老婆生孩子，后面离婚的渣男,22
离婚，要这种垃圾干嘛,10
确实感受到歧视了，搞得女性就是个性机器似的,21
这个能离婚说明老早就不该在一起,15
我倒希望他有心理阴影了嫌弃我 那不就可以离婚了么,24
然后离婚了，就因为生孩子的时候感觉太恶心了。,22
这医生是不是丁克……,10
女性也应该有心理阴影，所以就更不想生小孩了,21
你是妇产科医生还管离婚呢？,13
直接离婚吧,5
真这样不如早点离婚,9
你一个“医生”，怎么知道人家是因为这个离婚的？,23
为他生还要嫌弃这个嫌弃那个离婚……？？这逻辑我是想不通哈,28
离婚？？？？？,7
离婚了换一个就没阴影了吗，女人不都是一样的器官？,24
想离婚的，女的喝口水男的都要跟她离婚的,19
也不建议男性在连这种准备都没有的情况下就让女性生育,25
敢问这医生咋知道案例离婚了？还兼职律师？,20
这边建议走不出来直接离婚谢谢,14
存在就存在受不了就离婚啊,12
恶心吧啦 还离婚 离的好,12
因为这就离婚，那不是正好,12
走不出来算了，离婚吧,10
？？？就因为这种事儿离婚？那离了的话，挺好。,22
离婚吧,3
没听说过因为这个离婚的,11
人家有这个原因会影响，你说离婚原因不止这一个,22
这种原因离婚的，就是人渣,12
男的有阴影还要女的生？有的男的还要老婆生二胎？,23
性是非常重要的一部分，可以说有性不一定不离婚，但是没有性，一,30
如果因为原因离婚，也算是看清了这男的不是好东西,23
笑死，要离婚的咋样都会离的,13
??这就离婚了,7
这种男的不值得，离婚也是应该的,15
我就无语，看老婆生孩子就离婚？那滚,17
笑死我了，这种渣男不陪产也会离婚,16
你怎么知道这些患者离婚了？你们术后回访做的好到位啊…,26
？？？？？草，生个孩子给你生出毛病来了离婚了？,23
生了孩子之后离婚？？,10
可能她每天去法院转悠研究离婚原因呢,17
这个女医生的言论完完全全站在男权立场，把女性当成生育工具来看,30
这是出轨找小三离婚的借口吧,13
如果只凭这一点就关系破裂就离婚的话那本身这男的对女方感情也没,30
他就是晕血也不至于离婚,11
离婚，哈哈哈，太好了，快离吧！这个不行，找个年轻又懂事的……,30
我就想问，既然这么恐怖女性就准备好生了吗？想生孩子的女性才会,30
搞得跟女性特别想生孩子一样,13
不择手段鼓励生育，骗谁呢,12
生育是美好的能力啊，就算自己排斥也应该尊重别人的愿望吧,27
刚刚去看了这个博主 已经有一个漂亮的女儿啦 现在二胎怀孕中,29
本来有个哥哥，但是那时候不允许二胎,17
我本来有个哥哥，但是那时候不允许二胎,18
有多少人想生生不出来，又有多少人不想生一次次怀，旱的旱死涝的,30
虽然很可怜但千万别生你不想生的孩子…,18
好可怕我选择不生育,9
这是人流，你选择不生育跟这个有什么关系,19
抛开事实不谈，我觉得男的是在搞歧视,17
二胎…,3
丈夫挺好的，7次堕胎没有离婚,14
流了七次居然还能要二胎，太牛逼了,16
不相信的还要他干嘛，信任都没有的“丈夫”直接自证清白再离婚就,30
不会离婚,4
我更期待她老公晒离婚证,11
必须离婚已经废了生不出孩子的,14
这女人不离婚留着干嘛,10
有人问跟结婚有什么关系，除非你们丁克，不然结婚意味着会怀孕生,30
这狗男人还不离婚？？？,11
一胎剖腹产，二胎一定要检查是不是长在瘢痕上,21
这种肯定是男方平时不带孩子，所以女方不想生,21
男性生育权需要女性来实现，女性有拒绝的权利。,22
离婚吧姐姐,5
难道妻子就是生育工具？,11
离婚，不需要犹豫,8
希望已经离婚,6
男性没有生育权 望周知,11
虽然知道不该说别人的事，但好想劝离婚啊,19
离婚吧，他俩想要的生活不一样,14
前几天刚看到婚前保证不要孩子，四年后就用离婚威胁生孩子的男的,30
自己的身体自己做主，男性没有生育权,17
害怕……剖宫产二胎准备中,12
六哥是说要是考虑二胎的话第一胎尽量顺产是吗？,22
这种男人，老婆怀不上他会找小三怀的，想生儿子，没得救了,27
女性才有生育权,7
不婚不育，逼事儿没有,10
太可怕了，我就是剖腹产，看得我不敢要二胎了,21
离婚,2
离婚啊,3
不算，剖宫产后肯定会留下瘢痕，只能说第二胎长得位置不对,27
我生二胎的时候也是瘢痕妊娠,13
剖腹的怀二胎风险好大,10
生育与否是女性权利而不是义务,14
想讲脏话了，女的差点就没命了男的还想生儿子,21
剖宫产的我，表示不敢二胎了,13
男方只有请求生育权，女方才有生育权,17
生育权是在女方的好嘛,10
“不想生没人逼你生”,10
我：我要二胎，我老公：别了吧算了,16
想生没错，不想生也没错，结婚前应该要沟通清楚,22
离婚吧,3
离婚吧,3
那为什么要生二胎呢？？？,12
不敢怀二胎三胎了,8
啊。。。离婚吧,7
就算是剖宫产也可以二胎呀 风险是大 但是人家自由意愿,26
第一胎刨宫产的话希望妈妈们谨慎考虑是否要第二胎！！,25
离婚,2
从法律上来说只有女性有生育权，所以生不生不是两个人的事，姐妹,30
经济独立，不想生就不生,11
离婚,2
她为什么不想生二胎？生一胎后的这几年经历了什么？作为丈夫不该,30
我就是第一胎剖腹产吓得我不想怀第二胎了,19
前面说离婚的如果真的感同身受了 还能做的跟说的一样果断吗 不,30
有点因祸得福，正好离婚,11
妈妈是医生，但是刨腹产后依旧选择二胎，突然好心痛,24
离婚,2
这种情况以后也很难生二胎啊,13
科学赶紧研究出让男的能生孩子！想生自己生去,21
男方应该不会理解女方的意思，离婚才是对双方都好的,24
我靠我不想生了,7
估计看完不想要性生活了 也不想生孩子了 男同加油,24
我不想生了……,7
（不想生娃了我单一辈子叭,12
备孕二胎宫外孕诊刮无麻醉，比一胎顺产还疼，女人真的不容易,28
这就是我一点也不想再生二胎的原因，谁也代替不了的疼,25
我天 不想生孩子了,9
不想生孩子的原因,8
不想生孩子的千万别生 不然对谁都是负担,19
丁克路过观摩，你们多生点，精神上支持你们,20
有点可爱，生育下一代双方一定要谨慎考虑,19
拒绝生育,4
计划生育,4
计划生育,4
计划生育,4
丁克的更坚决了,7
看完不想生孩子了,8
宝宝可爱但是我不想生了,11
你成功的把我的二胎梦扼杀在摇篮里了！,18
这视频应该是计划生育时代用的,14
我是剖腹产的，不想要二胎,12
不想生孩子不想性生活了槽,12
看的我都不想生了,8
不想生孩子,5
好痛，不想生孩子,8
没有这么大创伤的。如果生出来，没有能力培养的话，还是不要生育,30
关键问题是。生育权不在女性手里,15
好痛啊 不想生孩子了,10
剖腹产的妈妈路过，靠，二胎还得剖，想想就痛啊,22
我本来就不想生孩子，现在更不愿意了,17
看完以后更加不想怀孕，不想生孩子。,17
不想生了,4
我不想生孩子了,7
怕死了，不想生娃,8
丁克了丁克了,6
生育是两个人的权利,9
幸亏不婚，这辈子也不会生娃免去一切痛苦爽歪歪,22
生育只是妇女的权利谢谢,11
不想生孩子了,6
我喜欢孩子但是不想生孩子,12
我……以后不想生宝宝了,11
看了不想生了,6
我不想生，真的不想。。。,12
我想丁克,4
不想生孩子了 谢谢妈妈,11
不生二胎了,5
要是我是老公，直接离婚！,12
绿帽侠离婚吧,6
这种女的不离婚留着过年吗？,13
还不离婚要干嘛,7
劝你赶紧离婚吧，别受罪了，,13
我要知道马上离婚。太恶心了,13
说到底还是要珍惜自己的身体，不想生孩子一定一定要做好保护措施,30
离婚算逑,4
没法生孩子，大部分男人也不会过下去，最后下场就是离婚呐,27
买个套多少钱？经济压力大到套买不起,17
就是故意的呗～主张生育的大环境说这些……,20
第三胎，不来月经，不会想想是不是再怀孕了？,21
对啊 人家是不想生啊,10
既然不想生，能否不交配？,12
为什么三个月都不去复查，这个女的是自己想生吗？,23
这个律师完全是把事实往夫妻自己选择保留胎儿生育下来上推吗,28
突然想到一句话 越是基因遗传价值越小的人越想要生育……,27
还想生呢,4
不婚不育,4
还想生啊？,5
你这还想生娃啊,7
还想着生育,5
既然想生育为什么那么不自爱啊 到底咋想的,20
就这样以后还想生育啊,10
她对自己都不负责，还想生孩子,14
还想生育别想了,7
？？？流了3次，还想着生育，做个人好嘛，不敢想象她的子女会有,30
这还要生育…,6
你居然还想生,6
SOS。前几次人流怎么就没想着要考虑生育功能呢,23
挺好的，以后别生育祸害孩子,13
三次人流了还担心生育？,11
打了三次，以后还想生育呢？薄成饺子皮了,19
你居然还想生育！早tm干嘛去了,15
流了三次盆腔还烂了，你说对生育有没有影响,20
啊？这还想生育？,8
还想着生育……早干嘛去了,12
你还知道想生啊，拉倒吧,11
还想生育,4
还想生？,4
还想有生育？我笑了,9
我整个一个大迷惑！你都人流三次了，术后还不遵医嘱，你还想生育,30
打了三次胎还想着影响以后生育,14
这还想生孩子那，我的老天你可别嚯嚯孩子了,20
一个人流三次的人，还会在乎生育吗？,17
都这样了还想着对生育有没有影响 她自己不知道？,23
都人流3次了，现在问“影响生育吗？”，也是个人才,24
三次人流才关心生育问题,11
如果你还想生育的话,9
tm笑死人流都做了那么多次 还会担心生育问题？,23
这样以后还能生育吗,9
笑死。你还想生啊。。,10
无语。。这么在意生育问题早干吗去了，自己都不知道爱惜自己身体,30
你还生育？？？？？？怎么配的,14
这么多次人流你还想生育？？,13
你还想生孩子，无语了。。。。对自己都不负责还想怎么对孩子负责,30
生育打算,4
你还想生孩子？,7
想生育还这么糟蹋自己,10
这时候担心生育了，早干嘛去了,14
你说呢。。。还想生,9
卧槽，还生育呢,7
估计再也无法生育了,9
这人早晚无法生育,8
这种伞兵女人就得让她失去生育能力才知道长记性,22
不想做手术，怕影响生育？,12
女生的原生家庭有大问题，她连做人的基本尊严都没有,24
没怀孕再离婚？,7
我记得日本有个法律，女性离婚后6个月才能再婚,22
想离婚为什么不能一起睡，起码对方是合法的而且省事还比外面的干,30
我还见过离婚两年的还偶尔一起睡觉的，我身边的人,23
都在闹离婚了还同房不太理解,13
要离婚还一起睡的也是无语，证明不是很想离,20
离婚还敢碰？切了他…,10
离婚冷静期的作用？？？？,12
离婚冷静期原来是这个作用啊,13
哦no我有个同学就是爸妈离婚了发现怀上了。。。,23
可以走生育险啊，相当于不要钱,14
来了月经在离婚,7
不是女孩，是生育了一胎的妇女,14
笑了，以妈妈那个b德行换谁都不想生一个自己的影子,24
人流真的不能随便做，可能会导致无法生育,19
ctmd，怎么还跟原生家庭有联系啊！！！,20
她自己害怕见到孩子害怕见到那个自己，不能生育对她自己来说也许,30
人家都不要孩子了还在乎能不能生育？,17
为什么不要孩子，啊，是原生家庭带给她不知道怎么做母亲吧,27
哪里来的弟弟？不是生育不了了吗？,16
原生家庭的痛苦让她觉得自卑，不配为人母,19
这样的原生家庭让女主怎么清醒啊……,17
好不容易逃出原生家庭了 为什么还要联系,19
弹幕刷贵州人的几岁?地域歧视?这样和她一样有素质,24
生育伤害更大,6
生育伤害大？别nt了,10
有病啊一直刷男的被绿了，你以为生孩子容易啊？不想生不行啊,28
你们有毒，人家不想这么快二胎一天到晚刷绿，一点素质都没有,28
怎么不说女的不想生男的逼着生呢？站着说话不腰疼,23
生育权是女人自己独有的权利，可以自己决定去流产,23
男的想生自己生,7
哥们，别纠结钱了，先考虑离婚问题？,17
一胎是抱着试一试的心态怀上的，二胎是意外来的，现在已经快生了,30
简单 先离婚 再谈一次恋爱 然后意外怀孕,20
意外怀孕影响生育能力了呗,12
我也是多囊！！！！呜呜呜我还好怕自己难生育,21
有第二胎了,5
二胎时代来了,6
二胎都有了,5
二胎二胎,4
二胎来的,4
二胎来的,4
二胎都有啦,5
二胎时期,4
二胎都来了,5
二胎都有了,5
二胎时代来的,6
二胎来的太快就像龙卷风,11
二胎来的太快就像龙卷风,11
都是二胎了现在,7
恭喜有二胎了,6
你们已经有二胎啦！！,10
二胎了,3
二胎裂开了吗,6
二胎时代回来重刷,8
二胎考古,4
丁克路过,4
本来不想生娃，看到你们犹豫了,14
如果有二胎是不是叫以以,11
其实也有很多年轻人不想生孩子的原因是自己明白没有办法养好这个,30
不会影响就业和工作吗,10
这个没什么好说的吧就是不想生啊,15
但是我觉得生不生孩子是个人字由，你们想生的也不能说让人家就也,30
本人985毕业，就业压力大，养自己都费劲呢现在,23
不不不，网上讨论只是想生育自由，生与不生由自己，并非是劝不生,30
网络上只是说生育自由吧 如果确实不那么喜欢孩子或者没有能力抚,30
丁克以为他们想开了,9
那不婚前性就不正常了，我负责任，100%避孕,22
红字不婚前还挺骄傲的，祝您婚后性生活和谐咯,21
因为当年计划生育弄的,10
我是怕养不好所以想丁克,11
我真不想生,5
哎 我妈现在听说我朋友离婚第一句都问有没有小孩,23
就是不想生 和你们想生也没区别,15
我不想生单纯因为麻烦 没那个奉献精神把它照顾好,23
简直就是我和男朋友的理想生活,14
怎么办啊 不想生小孩,10
丁克沉默,4
然后现在已经有二胎了,10
同二胎来的,5
看到怀二胎点进来的,9
但是你立马就怀上二胎了,11
但是迅速二胎？哈哈哈哈,11
有二胎了,4
现在二胎都有了,7
二胎后来考古,6
想生就生，不想就不想，这是女性的权利，生育风险很大的,26
你都有二胎了，假的吧,10
有的讨论生育自由，但有是在劝不要生，看了真的很烦,24
我这个收入，我生孩子，真的会降低生活质量,20
我在白庙也许愿了，当时刚毕业就业压力非常大就很抑郁许愿想要接,30
才大三就想生孩子了？,10
然后二胎就来了,7
二胎回顾,4
秒啊，刚刚从二胎视频过来，果然两个公狗怀孕,21
可是不想生娃的话应该做好措施，我觉得生孩子这事不存在意外,28
所以还梦到二胎了,8
男的还要生育权啊…,9
男的可以有生育权，自己怀就能有,15
因为男的不需要承担生育风险，就没有权力让女的生,23
生育权在你手上啊，还谈啥，他有资格谈吗,19
你都不能生，你要什么生育权,13
男的就是没有生育权,9
男的又没有生育风险，还管挺多的,15
也不能这么说，如果你能怀你也有生育权,18
生育权是女性自己的权利，27了清醒一点，不要乱生孩子,26
提离婚是本来就有的权利啊，女的也能提，等于没有权利,25
男的有生育权但没有堕胎权,12
但如果结婚了，男的以生育权为理由要求离婚，法院会判离，我看过,30
说体外能的，建议去医院检查一下生育功能是否正常,23
什么丁克,4
呀，药广告这么内卷了吗？,12
不算渣男吧，他也听到小美说不想生孩子,18
打掉是因为女孩不想生好吧，不是男的想打，小男孩挺好的,26
三胎,2
当时那个年代生太多就会罚款，我家会有二胎的，我爸妈为了防止罚,30
封建迷信害人 这些人想生他们倒是自己生啊！,21
这不丧失生育能力,8
生三胎！！！（doge）,12
50岁高龄产妇，确实不容易,13
真心希望出个重大遗传病的不能生育,16
这，，，生下来以后孩子遗传病肯定一大堆，然后还有外界还歧视，,30
我告诉你真相 生育对女人的伤害比堕胎要大得多,22
我想生个奥特曼,7
食死徒下岗再就业,8
食死徒下岗再就业可逗死我了！,14
45就高龄啦，哈哈,9
前面的，那你觉得什么算高龄？八十了再生个孩子?,23
45做为产妇真的算是高龄啦,13
无语，45岁生孩子不算高龄？啊对对对 少女行了吧,24
35就开始算高龄产妇了,11
35不算。高龄产妇。高龄产妇在乎于之前生没生过孩子。,26
35以上都是高龄产妇，没常识就知道哈哈,19
35算高龄是因为唐氏风险开始增大，不是生娃困难,23
我妈32生的我 当时护士都说她是高龄产妇,20
我30岁生娃，被老家的阿姨说是高龄产妇。她闺女大学毕业生的二,30
对于产妇而言过了35就算高龄,14
35就算高龄了,7
当然，45岁早就是高龄产妇了,14
是没jj吗？就生育残缺了，哈哈哈哈哈哈哈哈,21
天啊，这孩子以后怎么和别的小孩竞争,17
从那个男人说自己没有生育能力的时候我就知道，他只是养不起而已,30
多的是这种男的 离婚的那些你看看吧,17
以前夫妻之间都这样，天天闹矛盾离婚，日子还不是过得好好的,28
不错了这么久都没离婚,10
男的以为自己没有生育能力,12
毕竟医院判定他没有生育能力,13
支持我的社保就靠他60后的三胎了,16
这是妇女生育权利，必须支持,13
当然支持，生育权啊，但得自己养哦！,17
其实也是弥补了中国最高龄产妇的空白，医学作用功不可没,26
就想问一下，如果孩子几岁的时候这对父母高龄瘫了怎么办,26
希望爸妈生三胎,7
我刚好是丁克，这要我父母老年产子，我会高兴的,22
主要是高龄产妇危险好大,11
吐槽印度的，忘了几年前老人夫妇生育遭到的网络一片骂声么,27
？？？二胎开放，我同学一堆有弟弟妹妹,18
考虑个p，二胎都养不起,11
高龄产妇挺遭罪的,8
三胎吗？算了。,7
为啥要加后面这句?劝人生三胎？！马上不想点赞了,23
所以别人想离婚呀 为什么结婚就一定要生孩子,21
三十多没要小孩，往后生育风险会大很多,18
……离婚谈恋爱，太秀了,11
你想要丁克婚姻那你为什么不事先说好，不负责任啊,23
一起八年没生 离婚就意外怀孕的好女人是吧？,21
结婚八年不生 离婚了就能跟小十岁的生我是理解不了说实话,27
作妖，后面玩一玩不婚生子就快乐了,16
离婚了两清了，你去冒险没人阻碍呀,16
清醒认识性格不合而早早离婚，重新选择，真是太棒了！,25
不想生孩子的根源恐怕是不想和前夫生,17
我非常能理解这个女生离婚的决定。虽然相恋8年，但是恋爱关系是,30
三十四岁已经是高龄了,10
34正常婚姻不想生，结果姐弟恋单亲生？,19
非常难以理解，和前夫因为不生而离婚，和小男友生下孩子对方不要,30
如果遇到这样的男的我也会选择离婚的,17
没有小孩离婚真的没啥，一有小孩就不一样了,20
那么多年才明白？不该早早别结婚或早早离婚吗,21
不想生早点说就行,8
我老公也是这样，但是我不能离婚,15
想不想生都没错，婚前表态。不要耽误你前夫,20
你跟前夫不是婚后才因生育观念离的吗,17
应该是有原因才离婚。婚前关心，婚后现原形很多。,23
觉得你离婚是对的选择，也不要结婚了，就一直恋爱,23
不婚不育,4
不能面对又如何？还可以离婚啊，哈哈,17
跟你前夫婚后这些年都注意避孕措施 离婚后和男友就不注意了？,29
那种歧视女生的，贬低女生年龄的最好不要被女的晓得了，晓得了就,30
离婚的原因是不合适啊，生孩子是意外怀孕后的决定啊，这有什么可,30
离异有娃，和弟弟恋爱，是我的理想生活了,19
谈吐还可以，但是客观来说，没什么竞争力,19
为什么要有竞争力呢，你自己过的怎样,17
那你当初为什么离婚,9
说明压根不是生小孩的问题导致离婚,16
主要女性的适孕期比男性短太多先天弱势 如果七十岁还能生育那我,30
以前离过，离婚带娃,9
30岁不想要小孩而离婚，现在单身又想要小孩了，这不是前后矛盾,30
不歧视，接受自己的选择就好,13
我的理想生活,6
现在是在清朝吗？我就不想结婚但想生娃,18
离婚和带娃是两件事,9
你们听懂了吗？她不是不想生娃，是和前夫在一起不开心,25
没有哦 离婚很正常。离婚带婚生娃也很正常。小三带娃也很正常。,30
离婚私生带娃,6
前夫就是不配啊不然离婚可以复婚,15
不，你是离婚带的不是前夫的娃，你对孩子公平吗没有爸爸,26
奇葩，因为不想生孩子离婚，离婚后私生活混乱，生了个孩子,27
因为不要孩子离婚，离婚后生孩子，请问你有没有孩子怎么想,27
离婚带娃？你在侮辱前夫,11
前夫？还是不爱了吧，34岁不想生离婚，36岁和26岁的生,28
不是歧视，是人之常情,10
现在离婚率那么高，有钱女自己生好，以后孩子只用对她负责，压力,30
对，就是前夫不配，想生就生不想生就不生,19
34还不想生娃 36就又觉得需要生娃,18
男的坐不住啦跳起来啦生育权在女人手里生不生女人决定不需要理由,30
你这离婚带娃和别人离婚带娃本质上的不一样,20
就是后悔离婚了,7
没离婚也并不会,7
说实话跟初恋这么多年 不生孩子 离婚了随便浪然后跟别人生 有,30
36岁也是单身没娃也未婚啊，咋的了年龄歧视 36女的不能谈恋,30
33岁不想生孩子离婚了，36岁跟其中一个小男生生了孩子，真秀,30
人家说其中的一个 意思是离婚后谈过一些男朋友 又不是说同时交,30
如果我说你俩即使结婚也会很快离婚，你信吗？,21
你们好奇怪，人家有自主决定什么时候生育，什么时候过什么样的生,30
不不不 您这可不是离婚带娃 是离婚后 乱搞出来的娃 可,27
前夫让你生，你觉得不想被困住，离婚两年意外怀孕就要了？？这我,30
34岁离婚，36岁怀孕，而且还是其中一个男朋友这说明她不止谈,30
想生孩子为什么不找个能结婚的人生呢？,18
你是离婚带娃吗，你是乱搞出来的娃,16
不是，女生的意思是离婚后谈过几个年纪小的，但不是同时啊，没想,30
强迫了?笑死这次她想生?在外面乱搞被中枪了，哈哈哈哈真牛,28
觉得和前夫三观不合，再加上年轻，不想生孩子很正常，年龄大了想,30
姐姐做得棒！就是自己想生再生。,15
两年多不让人心理发生变化是吧？而且人家正经离婚了谈恋爱，怀生,30
34岁不生孩子离婚，两年后非婚生孩子也要生,21
前夫的失败之处就是还商量着要孩子，要么也不能离婚,24
人家离婚了单身，谈恋爱怎么了,14
离婚是因为前夫这个人在否定她，不是因为不想跟前夫生小孩，你们,30
离婚了关前夫啥事呢？,10
前夫哥:听我说谢谢你，还好离婚了,16
对就是歧视。 自己作成这样的局面的,17
你是滥交女，根本不是普通的离婚带娃的,18
不要侮辱其他离婚的女性,11
弹幕都是裹小脑的 男的离婚可以再找女的就不行了？,24
py一堆哈哈还好你离婚了,12
34岁在婚姻中不想生，36岁突然想生了？,20
不是自己喜欢的就不想生呗,12
但是到时候离婚很麻烦，还不如这样自己生,19
不是离婚带娃的问题，感觉思想不成熟，做事又不思后果，令人后怕,30
生过孩子才感觉到那些选择一个人生育的女性有多坚强,24
你前老公想要你不要，你离婚，后面找的弟弟玩，弟弟不要，你想要,30
之前节目算命就说过她，未婚生子离婚当小三什么的,23
她离婚了,4
我妈也是当初为了我不离婚 可是我真的宁可单亲家庭,24
我小姨也是21有孩子，还叫我读大学的时候把孩子生了以后就业不,30
离婚吧,3
赌？赶紧离婚，离越远越好,12
都这样了改不了离婚，省的动不动有一堆债,19
离婚，还钱,5
不离婚等着以后更苦吧,10
还不离婚啊,5
离婚吧,3
女生快离婚吧,6
表示看面相有点歧视，，，,12
赶紧离婚,4
离婚了 小孩怎么办？,10
离婚 还钱,5
离婚！,3
死男人，离婚吧,7
赌钱真的救不了了，离婚过吧,13
快离婚吧！！,6
离婚,2
她千万别离婚 她离婚是害人,13
这个臭逼还有理了，不离婚等着过年呢？指不定下次给你迷晕了把你,30
那就离婚呗,5
k离婚啊。还劝和,8
太好了，这个男的想离婚就离啊，抓紧机会,19
报警然后起诉离婚,8
建议你离婚并把孩子丢给男方，你继续自己的大学生活，将来能遇到,30
离婚了之后已经有小孩了，没必要嫁人。现在这个社会没有男人照样,30
直接离婚，然后报警，让男的去还贷款,17
离婚吧 你的青春大好 别和这个恶棍纠缠了,20
离婚一定要离婚,7
离婚铁了,4
不要抱希望了，离婚更好，真的。我家和这情况差不多,24
都过不下去了还在一起有什么意思，这年头还在乎离不离婚吗？,28
离婚离婚,4
故意这么说，其实想离婚,11
离婚啊，哇哦抚养费啊，给不起告他啊,17
离婚啊,3
快离婚,3
离婚,2
离婚后这些债务还是男方偿还,13
青春大好，孩子放弃，离婚，人生还有很多可能,21
赶紧离婚吧,5
离婚吧,3
哭屁啊！不离婚留着骗光你家的钱么,16
这女生看来知道啊？还不离婚？,14
离婚 止损,5
woc赶紧离婚，沾黄赌毒的一点都不能要，这辈子都毁了！,27
黄赌毒三个占一个就完蛋，必须离婚,16
离婚吧,3
离婚啊 自己烂别拖累别人,12
离婚，还钱，抚养费,9
赶紧离婚,4
离婚吧，这种生活还能过下去？不要委屈自己,20
这种货色不赶紧离婚，还跟他废话什么,17
这个女的大学上的什么，这么单纯，这不离婚留着过年啊,25
痛快离婚不好吗？断舍离，改什么改,16
女孩好好呀，很善良，无论男方离不离婚，她都很有礼貌，真的好棒,30
离婚吧！赌博的人改个屁,11
赶紧离婚！,5
还钱离婚这么简单的事,10
先离婚，然后告前夫，要银行为乱贷款负责，明明这么简单,26
还有人问离婚了怎么再嫁，先逃离这个赌鬼吧！,21
这女的为啥不离婚,8
离婚吧 这不该是你所肩负的责任,15
五万块钱能彻底看清这个男的跟他离婚，我觉得这个教训值得,27
过不下去离婚。,7
离婚,2
离婚是共同债务,7
离婚后告他，债务不用你承担,13
家暴赌博，那你赶紧离婚吧,12
离婚，然后父母和他断绝关系，用不了多久他就会欠一屁股债，死外,30
赶紧离婚 抱着孩子跑吧,11
离婚塞,3
职高怎么的?瞧不起人?歧视?呵,15
职高怎么了？？这是个人问题好吧 别搞什么歧视,22
职高怎么了？高中就开始搞歧视？,15
一切偏见都是建立在事实上的，为什么就歧视职高不歧视别的呢？,29
看到歧视职校的我都笑了 职校高中都一样的好吗 歧视什,26
不是歧视，但大多数的专科确实能力比较差,19
赶紧离婚,4
离婚呗，孩子自己养,9
你现在也是自己带自己养家啊！跟离婚有啥区别,21
离婚吧,3
打你才离婚？你底线低的可怕,13
说实话 你离婚再找也找不到好的 要么自己过要么接受,25
他又不挣钱，离婚只用养女儿，不离婚还要养老公，姐妹你说哪个更,30
离婚也没关系,6
不要担心带女孩的离婚女士二婚也不难,17
姐姐 作为一个在这种家庭长大的孩子告诉你真的没关系 离婚吧,29
离婚了，就是赢家吗？早干什么去了？不为孩子的童年想一想吗？,29
离婚带拖油瓶……,8
二胎，措手不及,7
二胎,2
二胎啊，说绿的搞笑呢。,11
结婚了只要不想生就能堕,11
近亲生育吧……,7
不是啦，是因为遇上了珍惜自己的人才想生孩子,21
妈妈想生第五胎的时候就给孩子想好名字了！,20
第五胎妈妈是想生下来的,11
不，是妈妈遇到了对她真心的人会一同爱她和孩子，所以才想生下来,30
他也并不是想生孩子啊,10
我还不想生儿育女！（这个不是很确定。）,19
我才不想生个女儿！（ 另一种可能不太确定。）,22
我可不想生个女孩？（猜的,12
总感觉【妈妈】是不想生儿育女,14
我才不想生个女儿！！！,11
我还不想生儿育女（应该是）,13
我才不想生个女孩,8
我才不想生女孩？,8
我才不想生儿育女!,9
我才不想生儿育女?,9
我才不想生为女人！,9
然后去医院检查，女友真怀孕了，男友真没生育能力 就笑尿了！,29
考虑一下离婚财产分配问题吧，孩子,16
打高尔夫没生育能力，你给我来一个,16
他要说他没生育能力吧 估计是反杀,16
因为这个男的知道自己不能生育,14
当场离婚,4
徐若瑄这两天离婚了,9
徐若瑄刚离婚啊,7
说明塔菲三胎都是顺产，gachi了,17
塔菲三胎顺产可还行,9
如果主角是第二胎的话，那刚才的是第三胎吗？不是姐姐了，那主角,30
怀上二胎还不让人发现？看来第一个孩子周围人也不喜欢啊,26
所以第三胎是他吗？,9
我才不想生个女儿,8
应该说的是她不想生子女吧，因为有了所以被男朋友唾弃？,26
我不想生女孩？（翻译君听不懂）,15
我还不想生儿育女,8
我就不想生下女孩,8
是“我才不想生儿育女”,11
也有可能是“我真不想生为女人”呢,16
我很不想生下女孩！！（猜）,13
我想拿掉 不想生下（）,11
生育标兵,4
不是，应该是单胞胎，只不过第一胎第二胎依次排开,23
还不如直接离婚呢,8
可以离婚了,5
还没离婚？,5
终于离婚了,5
还是决定离婚,6
高龄？？？这是超超超高龄了吧,14
30不算高龄产妇,8
高龄产妇 30岁在古代算，现代不算,17
不是40才算高龄吗,9
七十岁应该早绝经了吧，绝经后还有生育能力？！！,23
36高龄产妇,6
失业偶像转业主持人(=・ω・=),16
给失业偶像打call！！！,13
不愧是失业偶像,7
失业偶像！！！,7
失业偶像,4
失业偶像再就业好评,9
失业偶像！！！,7
呦，失业偶像,6
地域歧视石锤（狗头保命）,12
失业偶像林吃素,7
失业偶像刘佳萤,7
小李失业预定,6
不愧是专业的失业偶像,10
失业偶像当主持人去了,10
失业偶像,4
扭曲一个失业偶像的心,10
豆豆子失业了，以后主持人就佳莹来吧,17
林家班果然歧视女人,9
硬核歧视台湾人,7
戢老师果然歧视女性,9
还是在歧视戢老师啊！,10
主持毕竟是失业偶像,9
二胎哈哈哈哈,6
二胎了233333333,12
二胎,2
二胎？,3
二胎,2
第二胎,3
失业偶像表示很赞,8
对啊 对啊 对啊，失业偶像真的可惜了。,19
绝对是犯罪，侵犯了患者的生育权,15
生就完了现在三胎,8
典型的不是自己挨刀就“身体伤害小一些”，女人别做生育机器啊,29
你快拉倒吧，老百姓，还鉴定还三胎，要不要脸了,22
都在生第三胎了你居然说不知道骗谁呀,17
《三胎的目的》,7
祝她不能生育,6
她自己都要别人照顾吧？还想生孩子,16
她想生就生呗，自愿的为什么骂她，后果自负罢了,22
离婚吧，还没生就这样惨,11
估计引产完就离婚了,9
离婚吧 一家子魔鬼,9
哦 这个人渣 后续好像是离婚了,15
婆婆：孩子先打掉，然后离婚找个健康媳妇,19
离婚,2
快他妈离婚叭,6
就目前中国人水平，适合生育人家其实很少。,20
离婚吧,3
离婚离婚,4
离婚吧,3
李双双最好的选择是离婚,11
离婚吧,3
我是李双双就离婚,8
李双双以后会是被离婚的命运,13
会离婚阿,4
估计回去就离婚吧,8
离婚吧，这男人和公婆看面相就不是什么好东西,21
离婚！自力更生哪男人找不到，非要跟这个人渣过下半世？,26
但凡她有个两万彩礼，都可以把孩子救了离婚,20
估计李双双的老公以后还会跟她离婚，好气,19
赶紧离婚吧 他们会祸害你一辈子的,16
赶紧离婚吧,5
离婚吧,3
李双双恢复后最该做的是去离婚,14
这种家庭赶紧离婚吧，自私的一家人,16
离婚吧,3
如果女方有彩礼就自己拿钱救孩子，救完离婚,20
请好好离婚,5
离婚吧,3
离婚啦,3
离婚,2
这一家子，不离婚留着干啥,12
只想知道李双双后来有没有离婚,14
离婚吧，这样的男方家里，不要也罢,16
出月子跟他离婚,7
离婚吧,3
感觉后续会跟李双双离婚，另外娶一个,17
那男的八成会和李双双离婚。,13
离婚吧,3
之后极可能离婚，毕竟人家要健康的孩子,18
感觉男方离婚的意愿更高。我就想骂人,17
离婚吧,3
接下来 李双双的老公会和她离婚吧！,17
生完赶快离婚吧,7
这样的家庭不要呆了，赶快离婚吧，球球了,19
离婚吧,3
我就是安全没做好喜提二胎,12
想生的都生不了,7
这药会直接丧失生育能力,11
水银会丧失生育能力。,10
这是什么为了提高生育率放出的危言耸听吗,19
我的人生主打的就是一个不婚不育不沾男,18
可是有人就是想生娃啊,10
国家提倡二胎三胎，你这是要跟国家唱反调啊,20
一次换6个套，经济压力有点大啊！,16
必须要完全竞争市场才能实现吧,14
内卷用错啦,5
以后禁止销售计生用品防止三胎计划流产,18
不要种族歧视,6
黑人最歧视亚洲人却要求别人不要种族歧视,19
黑白配=V=【并没有种族歧视】如果我没记错黑小哥还挺帅？,28
黑人说别人歧视他然后最歧视别的种族,17
黑人最歧视亚洲人却要求别人不要歧视他们,19
黑人最歧视亚洲人却要求别人不要歧视他们,19
离婚了高。结婚的人少,10
本来就相互看不顺眼 天天闷家里离婚到不少,20
因为大家相应号召，生三胎去了,14
鼓励二胎啊,5
生育率提升了？,7
有对象的在生二胎三胎，没对象的只需要餐巾纸doge,25
不光疫情 单身 不婚，不恋爱。离婚的 有多少,22
国家要求三胎了嘛,8
天天关在家全是矛盾，利好个鬼，不离婚就是好事了,23
大概是国家鼓励生育吧,10
疫情之下离婚率增长的越来越离谱,15
砖家（因为我们放开了三胎！）,14
因为大家都失业了 谁特么爱生孩子,16
疫情使人吵架 ！离婚人数真多,14
结果都离婚了,6
物价指数都涨，就业与工资再跌，有闲钱不如吃一顿好的。,26
一次换6个套，经济压力有点大啊！,16
应该是他父亲先娶了他姐姐的母亲，后来和他母亲离婚娶了姐姐。,29
可是现在上面要我们生三胎诶 他们扎洞怎么办,21
现在鼓励生育，不会扎洞吧,12
开放二胎后还发？,8
近几年不发了，提倡生育了,12
三胎了，会不会有洞？,10
最近三胎 我怕他扎洞,10
现在在鼓励生育。。⊙∀⊙！,13
既然要三孩。。。。,9
生育率辣么滴还玩的这么嗨…233,16
说明天朝计划生育的历史很悠久,14
失业了，谁那个……,9
三胎都放开了，不需要了。,12
有没有一种可能，一般情侣在你失业后都会分手,21
要生三胎的呀，对不嘛,10
都他妈失业了还有啥心情,11
你们是竞争对手啊喂,9
别跟这搞女权，夫妻间如果女性不让男性碰，1年就可以离婚，女方,30
必须要吞，不吞应该离婚,11
为了拉高生育率都这么拼了吗,13
怎么这么多发黄色弹幕的啊，你想生娃是吗,19
很多男的连女性经期都理解不了。更别提这些生育损伤,24
不是生育焦虑，而是生育真相。谢谢！,17
而放现在这个时代这话是错误的，生育成了可选项后，苦难也就是自,30
生育损伤，加上生育后带孩子负重10-20斤,21
只要生育就有风险，尤其现在婆家追求大胖儿，新生儿超重,26
前提是生育过了没，当然这个时代都难,17
生育损伤,4
第一次听到这事，生育太可怕了,14
《生活质量》,6
所以雄性只是生育能力下降，雌性是直接短命,20
晚年生育能力下降哈哈哈，都要嘎了肯定下降,20
这个是社会性的，比如急救、生活质量的相互要求。,23
晚年还想生育啊,7
吓死，不想生孩子,8
让女人彻底的了解了生育的危害以及处理危害的方法，她们才敢去生,30
和自爱有什么？又不是乱搞才会这样，是生育造成的,23
女神们，你们一定要在生育后，锻练身体呀！！！！,23
我妈去年就是这个病 生过二胎,14
还三胎呢，笑死了,8
一胎之后我就得了这个病，然后二胎医生直接让我不要再三胎了，否,30
想生的照样生，恐育个p,11
主要是对健康有很大的影响，而且对生活质量影响也大,24
那个生三胎的专家不会告诉你们这些,16
完全了解这些风险之后再考虑生育吧,16
00后每日恐婚，丁克，丁克，丁克,16
啊救命我不想生孩子了,10
生育权利是对女性最大的诅咒,13
我家是三胎,5
更不想生孩子了,7
不，我把音量调大了，要了解好给我朋友们后面分析下二胎风险才行,30
担心我妈 我是二胎 要勤注意,14
是个很好的阻止她们二胎的理由,14
指名批评一胎不够还二胎，二胎不够还三胎的,20
不过确实坚定了我不婚不育的想法,15
生育本来风险就较高，所以一定要对自己对女朋友的身体负责,27
讲个题外话，我之前在奶牛场见过，就是生育过多导致的,25
前几天看一个知乎，就说到二胎的时候大孩的安排，有的人就炸了，,30
不是所有家庭都有那么多闲钱请保姆！还有普通家庭也有生育的自由,30
前面说爸爸去赚钱的，那你就非得生二胎？,19
就是要告诉我们生育有风险,12
生育应该是女性对其利弊充分了解后的自主选择。现在孕6个月了从,30
我妈潮汕的，这边不少是四年三胎，还得做家务做生意伺候公婆,28
现在三胎啊……,7
我反而觉得在说制造生育恐惧的人很无知，这些都是知识。是保护自,30
三胎,2
三胎真的哪个人大想出来的啊?！,15
如果说真话就会导致人不生育，这难道是真相的错？,23
生三胎，我去,6
三胎呢,3
那我妈生我的时候那是不是也这样的，因为我妈生了我是二胎,27
三胎。。。。,6
生育恐惧还需要制造吗,10
哈哈哈，你在妨碍二孩,10
那个，不是说全国概率是1%～4%，还分成了生育一次，多次和不,30
三胎不是哪个人想出来的，是社会需求罢了，反正我拒绝,25
蛙趣，我妈生了二胎现在天天坐着加班， 不会得这个吧/,26
所以没生育怎么会脱垂 标题党,14
还三胎吗？还三胎？,9
这不赶紧生个三胎,8
感谢国家推动三胎doge,12
旧社会女人都是生育工具，这种事情很常有。现在的女人基本上生一,30
三胎必须给up灭门,9
和生育造成的安全好多,10
你在制造生育恐惧！（bushi,15
我宁可一辈子没对象也不想生孩子,15
所以不要生二胎,7
还三胎？当女人是猪狗啊？,12
《鼓励三胎》,6
生育本来就很恐怖,8
生育本来就很恐怖好嘛,10
生育恐惧不需要制造它本来就很恐怖好吗,18
真不明白了什么叫制造恐惧啊这生育这件事情本身就很恐怖好吗这是,30
还好我丁克还健身,8
三胎呵呵,4
那没有生育但是老坐着不动会不会有这样的情况啊,22
三胎呢？四胎呢？,8
现在还提倡生三胎？？？考虑过广大妇女的身体健康了吗,25
不生呗，丁克挺好的,9
所以专家说要生三胎,9
真的不想生孩子，太痛苦了,12
什么叫某些人又不想生了，不想生关你什么事？你想生你就生呗谁拦,30
丁克+1,4
三胎(),4
生育年龄呢？,6
丁克谢谢,4
三胎三你大冬瓜！！,9
三胎。。。。,6
生育本就是对母体的一种不可逆的伤害,17
可是生育就是恐怖的,9
那三胎岂不是高出36倍。。。。。,16
太恐怖了…还是不要生了，想想生孩子导致的各种问题就觉得恐怖,29
建议不要在一胎还不自立的幼儿期生二胎，折磨,21
不婚不育，强身健体,9
不想生孩子了……,8
这种情况直接切了得了，已经生育过的,17
《支持三胎》,6
呜呜呜妈妈！我是二胎啊！,12
而且生育导致老化的速度加剧，反而因为没有生育只要保养适当健身,30
没事 生育恐惧用不着你们再开制造了 本身就已经很可怕了,27
三孩…哈…,5
《三胎》,4
不婚不育芳龄永继，莫生莫养仙寿恒昌,17
就这还想着三胎呢,8
其实，不生育就已经有80％几率不会患病,19
完蛋了我才17岁除了没生育其他差不多都占了,21
说实话就是制造生育恐惧，那意思是骗女性才是对的了,24
现在还鼓励生三胎呢,9
三胎？……,5
还三胎,3
完了我妈就是二胎,8
每天一个不想生孩子的理由OxO,15
我妈妈生了3个，弟弟妹妹还是高龄产妇时生的,21
三胎。。。,5
谁容易？我一个男的看着也难受。你不想生可以不生谁逼你了？,28
生育和衰老双重作用,9
这辈子都不想生孩子了谢谢,12
三胎算多产吗,6
我就是家里的二胎！！妈妈啊！,14
天哪我妈二胎,6
救命啊生育不相关也有！,11
三胎岂不是更…,7
已经决定领养不生育了,10
这只是正视生育风险,9
全面普及三胎。？,8
请问这时候的父亲去哪儿了，自己没尽好责任就别说科普制造生育恐,30
总而言之就是声誉会增加风险，不生育随着衰老也会有风险。,27
《三胎》,4
呜呜我不想生了,7
所以不要三胎了，就一胎就够了,14
生育后得病的风险是衰老加生育，算了，还是不生吧,23
那还提倡三胎。。。。。？,12
就这还推行要三胎，就女性不是人呗。。,18
虽然不生也有风险可我还是不想生，一直感觉会很痛,23
三胎…,3
我妈妈三胎啊！！怎么预防！！,14
我决定丁克了，好可怕，我不敢生小孩,17
握草，不让老妈二胎了,10
我还是二胎真服了呜呜呜,11
可以让提倡三胎的人看看这个（我猜他是个男的）,22
是谁在提倡三胎（他肯定没看到这个）,17
唉，但是国家鼓励已经三胎了,13
三胎 三胎生起来,8
割了有用吗，我不想生孩子，不需要这个鬼东西,21
不想生孩子了,6
我擦看了不想生孩子了,10
远离婚育 珍爱生命,9
突然不想生育了呜呜呜,10
我是二胎好罪恶,7
哈哈 那没事了，衰老不可避免，但是反正生育完全可以避免,27
那三胎？,4
生育本来就很恐怖很多压力啊,13
国家还要提倡三胎，搞不懂,12
主要是高龄产妇头胎，适龄产妇头胎这种状况好像很少有。,26
谁来骂制造生育恐惧谁混蛋,12
千万不要生二胎,7
我家三胎…,5
男女最大的不平等就是女人需要生育,16
还三胎,3
以后真不想生了，，，,10
还提倡生三胎呢,7
不婚不育，长命百岁。,10
你们就是在制造生育恐惧,11
三胎,2
但是根据生物学研究生育本来就是不会给母体带来任何好处会带来无,30
呜呜我真的不想生 算了以后单着吧,16
剖腹产那个伤害也很大的…生育对女性的身体就是弊大于利的,27
弹幕说自己不顺的是什么成分 你想生就生 不生就不生 干嘛因为,30
我现在很庆幸我妈把二胎打了,13
真的从来没有打算结婚甚至生育,14
鼓励三胎,4
一个真正的人，看到这个视频不会觉得是在制造生育恐惧，而是心疼,30
生育本来就有危险只不过被某些人弱化了,18
什么叫生育不相关？明明应该叫非生育相关好不好！,23
就这还来普及三胎！！！,11
这么说没人敢生三胎了,10
这不就是我外婆吗我外婆生二胎的时候家里没人照顾自己到山上找药,30
请问三胎后的风险gj买单吗,13
笑死了，还有一堆人宣传生育有益身体健康呢,20
救命，我不想生可以现在割掉吗,14
我是二胎呜呜呜呜妈我错了,12
我太姥生10个，90高龄了啥事没有,17
事实就是事实凭什么科普就是制造生育恐惧，我一个男生都不能理解,30
都21世纪了 谁想生孩子呀,13
就这还三胎啊,6
救命不想生孩子了怎么办,11
你们在制造生育恐惧！（,11
天呐我的奶奶生了三胎,10
我妈妈三胎。。。。,9
那，生育加衰老岂不是.......,17
还有与生育不相关的？？,11
那三胎岂不是64倍…,10
呜，我真的不想生孩子，看完了更不想了,18
这是生育恐惧吗？这本来就是真的,15
不能说生育恐惧啊，这种东西肯定要了解，总比没有了解然后后悔或,30
生育能力是种族最伟大的能力，但与生育相关却被认为羞耻，借此打,30
对身体有什么危害？？？只是不能生育而已，前面那个你没读过书吧,30
内卷,2
我将来真不想生孩子了,10
说引发生育焦虑的真是居心叵测…,15
说引发生育焦虑的真是居心叵测…,15
说引发生育焦虑的真是居心叵测…,15
都说了不生育也可能得了，怎么还不婚不生呢？,21
看完完全是为了我妈。。她要三胎，虽然我不支持，，,24
即使知道生不生育都可能患这个病，但是我还是选择不生，至少风险,30
国家还忽悠女人生二胎，是何居心？,16
懂了！反正也不想生，那还不如嘎掉算了,18
建议离婚或者外面各玩各的，真的没意思,18
离婚,2
我就没办法生育，因为维全身放疗过,16
前面的不知道是汉子还是妹子的人，希望你一切顺利。生育不是义务,30
现在是不是立法说可以婚前生育了,15
其实有60%的正常婚姻夫妇，到最后都会离婚,21
要二胎吗,4
不想戴的男的没资格做，除非女性同意生育的情况下,23
支持三胎！,5
建议三孩哦,5
别用了，国家要大家生二胎三胎,14
国家推行三胎了,7
办年不用过，还不离婚？,11
这爆脾气，不离婚等着过年？？,14
不会，10后和00后人数差不多，起码就业困难还要持续20年，,30
女人结婚是会失业的，因为老板会担心你接下来会不会生孩子，会不,30
没钱，不想生，也无法生,11
提示一下：人口增长率跟生育率有关系，但是是两个概念,25
应该是用孩子的顽皮使人不想生育,15
就是让你不想生小孩,9
熊孩子，不要生育。（真是难以置信的广告思路）,22
毁掉人的不是器官 是歧视,12
纳入式就不是x性为，它是生育行为,16
卵壮精强 生育好年龄还是要年轻一代,17
说日本歧视同的不逗，涉谷同已合法,16
前面说歧视你有多敏感啊！,12
不好意思 日本的主流观点还是保守的 确实歧视同性,24
看来就业形势也很严峻啊,11
先鼓吹自由 再禁止堕胎 生育率蹭蹭涨,18
富老男可以离婚换年青的,11
byd成提高生育率工具了是吧,14
反对离婚？小心,7
别杠，以前的一夫一妻制就是一生一配偶，现在即使你离婚了那也是,30
提生育率呢这是？,8
有效的提升了生育率,9
意料之中 ，根本上还是为了政治竞争,17
挣钱嘛，增加多少就业岗位，养活多少专家、医疗系统和生产商,28
因为要保持出生率吧，越年轻越不会考虑生育代价。,23
我这几个离婚再婚的阿姨嫁得超级好，反而年轻点的女孩嫁不出去，,30
我妈说婚前一定要尝试，不然后悔离婚更麻烦,20
生育计划,4
其实吧，性别歧视这东西要是没女人怎么生育孩子,22
我没有性别歧视，我有有色眼镜，我不喜欢默魄,21
怕不是个弱智，婆媳关系很难伺候你别嫁人不就好了,23
一个避孕套引发的离婚惨案,12
姐妹的竞争要这么大吗,10
都是人，人各有不同，存在什么歧视不歧视吗,20
生育也会导致,6
直接离婚,4
安全期避孕九年了，今年中标了，二胎！,18
年纪大了不容易怀孕，生育风险也高,16
我要二胎,4
两次都是意外怀孕，然后就二胎了……,17
留着二胎！,5
旱的旱死涝的涝死，我二胎都是一次中,17
丁克看得一愣一愣,8
第一胎一次就中，二胎去年8个月才怀上，还空囊唉,23
想生孩子趁早。。,8
人家想生不行吗？你还想有钱呢?,15
人家想生关你屁事 能不能滚出去,15
因为别人想生呀,7
人家夫妻间有安排关你个丁克酸黄瓜什么事,19
可能是先不让婆婆照顾媳妇 晚一点面对婆媳关系？,23
为他？这孩子不是你的吗？合着你只是个生育用品？,23
结婚证也是证件，可以加学分，所以离婚证加吗,21
哦哦，懂了，就是晚点面对婆媳关系,16
我学校结婚和离婚都加分,11
我同学大二孩子都出生了,11
为他？真把自己当成生育工具了？？？？最恶心这种不把自己当人的,30
结婚离婚都加学分？那岂不是能反复卡bug,20
就是相对于晚一点的面对婆媳关系而不是让婆婆来照顾他提前面的,29
我不觉得会爱一辈子，现在爱也难说不会离婚,20
从丁克视频来的,7
我同学他哥的同学，大三孩子两岁,15
歧视很正常，本科没收入是要花父母钱养孩子吧，不能独立干嘛创造,30
大学结婚证离婚证二胎证都卷起来,15
不是，这不歧视你歧视谁啊，哪来的lkd,19
大三本来就能生孩子啊？说不歧视她歧视谁的人脑子有问题吧，行了,30
我也应该本科生个孩子的。那个时候课程少轻松，还是生育黄金年龄,30
结婚证和离婚证，驾照，这些都能加学分,18
确实歧视,4
被歧视也挺应该。。。,10
歧视她的是女人,7
我也歧视你,5
活该被歧视,5
我也歧视你,5
怀孕不歧视，歧视怀孕还住宿舍让舍友让一让的人,22
活该被歧视,5
不会歧视，但是不建议浪费读书的时间搞这些，万一是渣男就……,29
不歧视你歧视谁,7
就是不用提前面对婆媳关系,12
不歧视她歧视谁,7
？这个年纪怀孕，被歧视很正常，接受不了就学会爱惜自己,26
生育不应该是在自己有能力独立生活的情况下进行吗,23
男生要管好自己做好避孕，女生也要对自己负责任，不想生孩子就坚,30
打胎对身体的伤害远远小于生育,14
打胎的伤害远小于怀孕生育！,13
所以为什么要怀孕呢？不想打又不想生，为什么要怀？,24
所以啊，也不是心甘情愿想生的,14
这个女的是个反面例子，还想不被歧视,17
这怎么就偏见了，可能导师就是可惜一个学生因为要生育放弃本来的,30
说得很过分。但生育对女性真的影响好大，确实耽误学习和工作。哎,30
？更不想生孩子了谢谢,10
这是导师必然承担的风险，和就业后怀孕领导觉得烦一样，导师可怜,30
谢谢，看了之后我更不想生娃了,14
我不想生但做了安全措施也特别容易受孕，都打了两次了,25
本科生怀孕怎么了，为什么是女生的错，有生育字由吧,24
那些说恶心的那些人脑子都有点泡吧，人家想生就生，我不是你生的,30
性别歧视,4
成年人想生就生，怎么就不负责了，本科导师跟学生本来也没啥关系,30
说句实话 我周围有这样的人我也歧视,17
说真的 没办法 这样女性就业升学会越来越难,21
说导师没错的是什么蛆啊救命他在搞性别歧视啊,21
我不觉得怀孕应该被歧视，但我也不觉得在学业发展阶段给培养自己,30
不是歧视怀孕，主要是突然来这么一出，真的耽误课题呀,25
不想生孩子了，太可怕了，还会尿失禁，真的对身体不好，凭什么都,30
这导师明显显得就是性别歧视呗,14
女性最佳生育年龄是27-35,14
这也能性别歧视？导师他妈就不是女人了？,19
？？？答主想生孩子也没怎么样吧 耽误研究了吗？？？,25
常见不代表合理。就这样的态度，女生只能学业职业或者生育二选一,30
热知识：职场怀孕也会遭歧视,13
这是歧视啊,5
呃，这个导师不是对孕妇的歧视吧……,17
不是歧视是觉得你自己耽误自己了,15
但是想生没人惹你,8
一边催生一边歧视孕妈工作也挺ex的,17
活该，不想生孩子就做好避孕啊,14
本身就是将少数个体行为上升到对一整个群体的歧视。。,25
说导师没错的，是什么心态，这明晃晃就是对女性的歧视,25
别，就是歧视你，你自己做出决定的时候自己早就意识到自己要经历,30
女研究生生娃就是对导师学校不负责任啊，导师又歧视不到你老公，,30
老师已经开始性别歧视了,11
这导师哪里对了…女性有不生育的权利也有早生育的权利吧,26
真服了你这样只会加大学校对女性的歧视,18
女生的就业/研究生什么的门槛就是被生育拔高的,22
就是性别歧视的一个导师,11
大家都觉得导师说的没错，这也是生育率下降的原因之一，谁还敢生,30
这导师的问题难道不是像某些企业一样因为女性有可能结婚生育就干,30
歧视就此加深了，后人的路不好走了,16
有没有一种可能，把概率说低一点，让更多人去尝试，提高生育率,29
一胎真是一次中，二胎怎么都怀不上,16
建议离婚,4
我二胎，都 是一次中的,11
我的二胎就是一次中,9
我二胎就是一炮中的，本来就是赌概率，结果中了,22
我二胎了 但是这2个宝宝都是一次怀上的,19
不用去太贵了离婚就行,10
就一次没带二胎就来了。。,12
年轻那会就是一次中，现在年纪大想怀二胎好难,21
纳入是生育行为，女人的性根本不需要男人参与,21
戚薇就是在月经后第一天怀上二胎的，安全期真的安全吗！！,27
不需要生育的话最好的方式其实就是男性结扎,20
我说二胎生完想直接扎了，我妈让我别扎，给自己留后路，想避孕让,30
哈哈哈哈哈确实。我觉得男的结扎主要是婚后，丁克或者已经有孩子,30
能遇到一个爱我的接受丁克的能去结扎的就完美了,22
那啥 能不能男的谈恋爱前都去结个扎 真走到婚姻生育那步了再接,30
短效避孕药也是作为“把生育权交给女性”的药研发出来的，也是有,30
我同事不愿意生二胎，婆婆就偷偷扎破byt，见鼠了,24
宫外孕可能会失去生育能力欧！！巨可怕,18
凭什么坚持不婚前性行为就要被嘲讽，恶心不恶心,22
现在很多女生会怼男生，想生孩子自己去做手术生啊，那么女性也可,30
所以不要！！生育啊！,10
哎真的生育成本太高了,10
每个选择生育的女性都面临这种问题,16
因为资产社会，女人如果要求更多，就会越来越少的就业机会,27
放弃生育，爱自己,8
也不是说不要生育，而是把这些风险摆在女性面前然后让她们自己选,30
放弃生育，爱自己,8
前面的姐姐，生育辛苦啦，不知道现在锻炼还能不能恢复,25
说恶心的真的，犯贱，趁早离婚，生育从来不是女性一个人的事情，,30
跟二胎也有关系,7
这个也跟二胎有关,8
第二胎和第一胎这样对比是不科学的,16
不想生孩子了,6
很多人说第二胎比第一胎要顺利些,15
二胎美国籍,5
因为是二胎，三胎更不疼了,12
二胎不用剪的，基本不会有撕裂情况，不能这样和一胎比,25
因为没人懂所以不想生,10
2胎一般比一胎顺利的，二胎分娩时间比一胎短,21
初产和二胎完全不一样的 没有可比性,17
二胎本来就没有那么痛，好不好,14
整个社会闭口不谈，因为他们害怕女性知道真相后拒绝生育,26
因为你是第二胎,7
二胎明明比一胎更疼，只是产程缩短了,17
因为没有放开二胎的原因吧,12
我觉得鼓吹母亲伟大论也是男权的变相洗脑，为了让你生育,26
同为高度近视，又找到条不生育的理由了,18
选择生育的女性都要面临的问题！很普遍，只是大家闭口不谈而已,29
我没生育过就已经开始漏了 更别说生育过的,20
我不想生孩子除非经济允许,12
我和我妈说女性生育可能会漏尿，她不信,18
害怕。不想生,6
以前水中生育确实蛮先进的,12
前面的，阶级焦虑？恰恰是怕同阶低阶的竞争才焦虑。,24
"总和生育率,指的是妇女在其一生之中所生育率的子女总和",26
"总和生育率,指的是妇女在其一生之中所生育率的子女总和",26
但是不想生孩子却不避孕 是万万不能的！,19
校门口的店完全不需要竞争力啊,14
32岁老阿姨，丁克，痛经去医院，做完检查想吃短期避孕药，大夫,30
不想生小孩,5
吃多了直接剥夺你生育能力了,13
用强制生育来来弥补枪击失去的人口,16
有没有可能是因为生育率太低要提高生育率,19
可以代运，不给堕钛，其实是在刺激生育啦,19
他们只是为了提高生育人口,12
笑死 楼上 我觉得94更离谱一点吧，没有歧视，但是这个年龄段,30
会不会是为了提高生育率故意做大的。。。很难说,22
哈哈哈哈哈笑死，这叫带动就业了是吧,17
我觉得超好，就是国家可能不喜欢，生育率再低,21
结婚证领了，国家开放三胎了，再避孕就对不起国家了。,25
三孩危,3
那还开放个屁三胎啊^_^,12
我觉得是不是经常吃避孕药，会不会影响以后的生育呀？,25
难度和人以虚生二胎比只高不低,14
Faker是你吗，再就业了,13
避孕药吃多的是不是影响生育？,14
会不会因人而异丧失生育能力啊,14
说伤害生育功能的，女性吃的时候你们怎么没想这个问题・_・?,29
其实很多 不是谁都报道出来的 单身生育,19
生育是与生俱来的权利，自由万岁,15
好吧，现在生育率高兴了吧,12
我易孕体质，二孩了，第三个意外的时候我坐在车里第一次体会那种,30
以后生育会有影响,8
不想生真的真的做好避孕，太扎心了,16
所以生育要谨慎，孩子失去了生命，女性失去了健康，只有无所谓的,30
我就是因为不敢流，才要了二胎，虽然累的要死，还好老二很可爱，,30
如果可以的话，哪个女生不想生下来,16
我在哭…刚剖完二胎八个月，发现怀孕，所有人都不让要，但是舍不,30
自己永远是最重要的，生育权只属于女性，不要给自己背上各种枷锁,30
"生育是女性权利，但如果把堕胎用来标榜这个权利就是sX,就是这",30
我是生了二胎又有了也流了,12
太恐怖了生育对我来说 我为了不生育甚至不敢碰男人,24
我经常会想，女人受了那么多的痛苦，这个社会还是在歧视女性，想,30
为什么生育这个责任要给女性，痛都要女性来承担,22
多多少少？这个词用的好！就不是多多少少，就是嫌弃、厌恶、歧视,30
性和生育是分开的,8
不会和我老公再有二胎,10
刚结束完人流室的实习 我们应该将掌握自己的生育权 我们可以,29
生育风险和避孕责任部分男性并不觉得跟他们有关,22
生育的选择是女性是权利,11
我也是这样想的，婚姻和生育没有直接关键性，等我30岁了可能会,30
生育事实上是女性单方面的权力，但男性不想承认这一点，并且不希,30
使女的故事是一个美剧 女性生育工具化 还有阶层间的压榨,27
不想生就做好措施呀,9
结婚生育而父亲失职还不如单身生育,16
眼前这么多丧偶式育儿，是谁不负责？有准备的单身生育才更负责吧,30
非必要不结婚不生育,9
生育率为什么不断下降，，，，还用问吗,18
不婚不育或许不是一种选择，而是被逼的,18
我是不想体验也觉得自己给不了新生命更好的未来，所以选择丁克，,30
我16岁 六七岁的时候妈妈堕胎由于妈妈身体不好加之二胎会降低,30
当有一天生育率和堕胎率走向两极，我们还会有选择权吗？,26
女的真的苦，被迫承担生育风险还不给麻药,19
恋爱跟生育的痛永远都是女生承受的多,17
生育风险对女生来说太痛苦了,13
真的很棒，我也做不到全部抛出来……原生家庭让我觉得，这是丑的,30
当我生二胎前，和老公关系极差，我的想法也可以找别人，但无论谁,30
不开房、不婚前性行为就不会意外怀孕啊。性行为本来是为了生小孩,30
姐姐离婚了吗,6
哈哈，胎儿其实也没选择去生，我觉得生育本身的道德性也存疑,28
胎儿也不想生在自由去死的美利坚,15
一些根本就不需要生育的人对别人的权利指指点点让我觉得好笑,28
是的，女性有生育权，想跟谁生就跟谁生，想生就生，想不生就不生,30
生育自由,4
两个人的事情又怎么样，就像离婚一样，孩子女方不想生可以不生，,30
生育是一个社会的问题，就不应该只掌握在女性手里。,24
这个理论感觉只有在社会化抚养的条件下成立，否则生育者还有抚养,30
精子：我虽然要和几亿人竞争，但你咋能说我没未来呢？,25
因为我们在聊堕胎而不是生育,13
孕妇的未来医生保护啊，保护她不因为生育而死,21
孕妇的未来国家保护啊，许多国家都有生育津贴,21
我认为应该等人类婴儿进化出胎内意识之后，再去生育,24
确实。人是会变的，而且像经济条件这种突然负债不想生也是有可能,30
男性在生育话题上就不该有什么发言权，毕竟不是你生孩子,26
承诺有任何合法性和强制性吗？？我做i≠我生育,22
出现了，不等式。问题在于做i的风险=生育，这是你应当承担的,29
1. 本质是人的行为责任能力有限，无法准确判断生育行为的后果,30
3. 所以未受过严格性教育的男女，是没有能力承担生育责任的,29
结婚誓言还说着多永恒呢，不有那么多离婚的违背承诺吗,25
知情同意？还是别人想她生所以轻描淡写了女性的生育痛苦导致的诱,30
那如果承诺的逻辑成立的话，和不可以离婚了,20
上面的在胡诌什么。doi就一定等于生育？自己的逻辑的盘不明白,30
社会对女性生育的风险和痛苦往往隐瞒甚至美化，导致很多女性没有,30
确实大部分女性压根不想生孩子,14
风险不是人为可控的，女性承担这种风险不意味着就是承诺生育,28
如果认为女性独享生育权那就不能让男性承担责任,22
如果认为男性应为堕胎承担部分责任，就得必须分割生育权,26
按这个反对的论证，那结了婚就不可以离婚了吗？结婚也是给出了承,30
可能就是不想承受生育痛苦而去堕胎的，前提三不就不成立了？,28
我在过去结婚，不能否定我在未来离婚的权利,20
结婚还能离婚呢,7
如果是自愿的而且主动想生的，就不会堕胎了呀,21
而且既然有多子的困扰，那还进行为了生育的xing行为，那有点,30
那不就是把人当作生育的工具了吗……,17
跟阻断生命没关系，她认为不以生育为目的的性行为都是违反道德,29
总结：女性只是生育的工具，种人。说这种话要把女性的尊严考虑进,30
满足生育之后的一切性欲都是疾病 哈哈哈哈,20
那这样，只有孩子有作为人的尊严了，父母都只是生育的工具罢了,29
不好说，二胎端不平都是常事，只不过没把孩子情感需求当回事就不,30
事实上纳入式性行为就是生育行为，对于女性来说它不存在性快感和,30
堕胎次数多了就不能生育了,12
跟穷人家的孩子不一定想生在穷人家一个道理,20
所以安斯科姆是主观上想生育七个孩子？还是性行为造成了生育七个,30
合理，生育合理，堕胎就天然合理,15
不想生孩子就做好安全措施,12
这才是不道德的，人又不是奴隶，又不是生育工厂,22
这不就是把人当成生育的手段了吗,15
竟然有人赞成？人又不是生育机器,15
生育有什么太大的用处吗,11
不是，他要是完全以“生育”为唯一动机进行性行为，为什么会被多,30
她丈夫有外遇吗？有和她离婚吗？,15
那她生第4567个孩子时，是为了生育进行的性行为么？,26
那人也不是生育机器啊,10
不赞同，女性没有发情期，就决定了性不只为了生育,23
保护要怎么定义，保护生活质量不下降就不算保护自己了？,26
就是因为认识有尊严的所以不以生育为目的的性行为是不道德的,28
除了生育之外，为什么人要有性行为呢？,18
而且母亲自己都不想生养，孩子真生了谁养？有些地狱开局不如不活,30
问题是女性如果不想生育 那完全有各种避孕手段避免怀孕 多数情,30
那这样说的话，所有人都没有生育的权利了,19
不想生可以不怀,7
种族有这个权利要求母亲生育；看之前，我觉得我是温和允许，但到,30
生育的美德和奉献换来的是职场性别歧视。,19
但是女性因为能生育也获得了巨大的利益,18
不想生可以不怀,7
堕胎本身就已经是代价了，生育也是。而㽖性却没有付出任何代价,29
女性是生育中实际付出代价的一方，既然要付出就应该让付出的一方,30
但追星和生育本就不能相提并论啊？（虽然我支持堕胎）,25
前面的 生育获得的巨大利益是？？？,17
凭什么要男女双方同意，那不就是强制生育吗，生小孩的是男的再说,30
我亲戚就是患病期间怀孕的，如果堕胎她还可能活，如果选择生育的,30
那还得先受生育的苦才能死，够惨了,16
呵呵，东汉生育都知道给补贴，还放丈夫一年产假,22
鼓励生育，这和现在差不多呀,13
这是为了让人民可以毫无顾虑的生育，以增加人口,22
你这是在歧视性少数群体谁说只有女人能怀孕（狗头）,24
保卫女性？歧视性少数的嘴脸露出来了,17
我直接加入LGBT 强调自己男性内心要求打胎 不然就是歧视,29
因为美国等欧洲国家生育率过低，白人统治者通过反堕胎强行提高白,30
你一男的没有生育能力，反什么堕胎呢隔这,19
想不想生，想跟谁生，都不自由，自由女神立得真讽刺,24
生育能力是社会对女性的绑架,13
老美就是这样保持生育率的，怀了就必须生 学到了 学到了,27
一直不理解，生育应该是女性的权利，而不是女性的枷锁，凭什么堕,30
新生儿会多一点吧，为了生育率已经不择手段了,21
国外生育率这么低，你猜为什么,14
一个男的去夺女性的生育权，好不好笑,17
说来说去还是因为生育率过低，人口老龄化严重，别的都是浮云,28
生育率低了开始刷手段了,11
男人又没有生育能力管女的堕不堕胎？,17
凭什么为了生育率就可以把女性当工具,17
开放三胎总比这个好点。,11
他们这算不算间接保证生育率啊,14
是的，这是践踏在女性的生育权上去维护婴儿的生命权,24
就尼玛离谱，生孩子的女人主体，竟然没有是否生育决定权！！！不,30
国内这生育率，估计也快了,12
早期觉得生育是女性的权利，所以女性应该有完全的堕胎自由。但现,30
那不逼得女人不婚不恋不育直接开启寡王模式,20
这样，过不了几代，他们民族妇女的自身生育能力就下降课,26
以后我们也可能会这样，为了生育率,16
张口就来是吧，来中国？你还嫌国内人口就业竞争不够卷？,26
弃养也得生下来，生育本身就是伤害,16
为了生育率？,6
前面说女性有生育义务的，我给你一个大嘴巴子！！！,24
但这种不负责的生育本身也是不尊重这个新生命,21
反堕胎男的老婆怀上情人孩子，然后坚决不离婚,21
说女性生育是义务的恶不恶心啊,14
哦，他们的低生育率能够用另一种方式解决了？,21
国外非婚生育比例很高，法律也强行规定男方必须承担10-20%,30
中国生育率低再保持下去，你们别笑别人美国，美国的今天就是中国,30
并不是每个人妊娠反应都一样，亲戚家媳妇，二胎是六个月才发现的,30
流产伤害大，生育伤害也大,12
看来他们生育率也下跌了,11
所以这能叫女性掌握了生育权吗？,15
生育伤害更大。不仅要花时间精力，对于身体的伤害也是很大的。,29
这不是生育权吗？为什么是隐私权,15
女性的权益还是得自己去争取，在生育这件事上永远不要指望男人能,30
孕期离婚呢？不让堕胎真的无语,14
还有宗教相关吧，不单单是生育率,15
前面的女性没有生育义务，她不想生就可以不生,21
我想上帝赋予女性生育的能力可能是一个灾祸,20
这不是不尊重女性的生育权利,13
你怎么不说非婚生育？你怎么不说国外给女的交生活费？女的自然能,30
母亲不想生，孩子生下来了也不一定幸福呀,19
打2的真的是女人吗，凭什么自己的生育权还要别人来指点,26
因为这个是生理结构造成的，如果生育不限性别就没这个五天,27
男人生我就要，然而生育主体是女性,16
生育权是女性决定的,9
生育不仅仅是生或不生的选择 在大部分时候也是孕妇自身生命安全,30
尊重婴儿的生命权，母亲如果不想生，生下来的孩子也不太受喜爱，,30
说白了还是想提高生育率,11
不，跟国家人口生育率有关,12
不是提高生育率 而是增加耗材数量 doge,21
中国传统文化多子多福，现在是生活压力太大才生育率降低，养不起,30
中国这都三胎了，美国一改，要是效仿怎么办,20
那我们聊聊生育权这回事？,12
我不想生孩子，我要捍卫我的选择。,16
打2的可能是专家，想办法提高生育率,17
现在三胎了，并没有这样好吧,13
会不会以后可能限制呢，毕竟已经在三胎了,19
所以生一个就好了，不要生什么二胎三胎,18
现在有些地方堕胎居然要男方一起同意才可以 离婚的都得找回来,29
我国大部分地区就是12周，我身边就有女性本身比较胖又高龄了，,30
资源都不够分还要加大生育,12
如果我的妈妈有危险或者她不想生，我也很同意妈妈把我堕掉,27
本人不想生 孩子即使被生下来也不幸福,18
不想生可以做好防护。,10
身体是我的 我想不想生关别人毛事,16
选择不生是女性的生育权，选择生也是。,18
生育权属于女性,7
这是否也是导致人口生育率过低的原因之一？,20
中国人数多，就算生育率在低都没事,16
up的意思是当女性选择生育子女事，事她认为她们的生活值得被重,30
限制生育二十年来堕掉的还少么 哪里有绝对正确的做法,25
男性生育权真好笑，男的只想生根本不想育，不说带孩子了，如果可,30
可是世界上就是有人并不想生孩子啊,16
男性没有生育权,7
这些都是把女性当生育容器,12
反而觉得生育是一种诅咒，枷锁,14
这些国家里女人是生育财产不是人吧,16
？男人是没有生育权的哈,11
感谢祖国，我们是人不是生育机器,15
"感谢你们个Der,之前多少孩子是二胎被强制抓去流产的时候咋不",30
母亲不想生，硬要孩子出生了谁来养,16
女性才有生育权,7
等男性能自己怀孕了再来讨论生育权的问题吧,20
笑死，男的没生育权凭什么交抚养费？,17
选2大多不是需要生育的女性,13
允许堕胎的目的 是女性可以避免生育带来的一定量伤害，保护好自,30
前面放什么屁呢 男的在生育上不应该有发言权?你自己去生啊 笑,30
生育权本来就该在女性，风险在女性身上,18
女性有生育权！,7
感谢祖国，愿意为祖国好好培养年轻一代，不一定要靠生育，还可以,30
？？？说这话的人自己能生育么,14
男人不用生育当然可以说的很美好啊，感动个屁,21
我国法律男生无生育权望周知，想要的出国吧,20
我不想生就是因为我觉得它并不美好，不值得我去重复。。,26
男女平等，女性连自己生育都不能自己做主，谈何平等,24
男性没有生育权谢谢，我觉得这个投票只有女性有发言权,25
如果有人强迫我生下一个我根本不想生的孩子，那我不会施舍给它一,30
去特么的神 我不想生 这就是我的月经 想流就流,23
如果男的可以生育，那支持他的生育选择权,19
女性应当享有生育权,9
男人的生育成本几乎为零，你配有个屁的生育权啊,22
生育权有自己决定，有些国家20-30年强制堕胎，医院堕胎大排,30
没有妈哪来的崽，妈更重要，但妈不是生育的机器，她有选择生或不,30
前面的，保证男性的生育权就要压榨女性的堕胎权？,23
哦吼，低生育率的原因找到了！,14
那为什么要放开三胎？,10
怀疑中国生育率低了之后也会一步步走向这一步,21
我国男性没有生育权。,10
女人是人，不是生育工具,11
我们不是生育机器，我们读书，努力不是为了一个孩子,24
开放三胎又没逼你必须，劳动力上不去,17
真的，不能生育的男性，有什么资格参与决定堕胎权废存与否呢？,29
男的哪来的生育权,8
除非男性真的生育，否则有什么理由在女性选择堕胎与否的事情上指,30
女性身体，管男的p事——尤其还有好多男的觉得生育对女性身体利,30
不负责生育的人，对堕胎没有发言权。,17
拜托生育另一个生命就是在消耗女性的生命,19
女性拥有生育权,7
现在人口生育率这么低，堕胎会越来越受控制,20
男性没有资格干预女性生育权,13
女性意识觉醒如果给了充分选择权，生育率就保不住了，美国就是这,30
男性没有生育权，望周知,11
又不是男人生孩子，竟然还控制女人生育,18
生育本来就容易死孕妇，这种情况还要控制女性，那就全球禁欲好了,30
如果生育率下降得很厉害，会不会也不允许堕胎呢……好担心啊,28
男性没有资格评判女性的生育选择，这是女性所受苦难而应该获得的,30
那你自己去重复好了，就是很奇怪，怀孕生育的的是女的，生不生的,30
因为认识到生命的价值和美好，所以我们才选择生育。,24
是的，我觉得我的人生不算糟糕但不值得重复，所以选择不生育,28
当母亲根本不想生的时候，我不相信孩子生出来是好事,24
你们问过孩子想不想生出来么？,14
不是，提倡你生三胎，不生也没人逼你，你在激动什么啊,25
凭什么 生育权本来就应该掌握在女人自己手里 在生理构造上女人,30
双方同意也不好，有些正要离婚堕胎的呢，爸爸不同意就不行？,28
想生自己生，别要求别人,11
为什么要双方同意呢 承担生育风险的是女性罢了,22
双方同意不就和现在离婚一样。。只要一方坚持不同意，最后付出生,30
中国应该独一档，想生也给你堕了,15
女性的生育权为什么要男性同意，他又不会自己怀孕和生产,26
女性只是生育机器么 靠,11
这生育率再下去国内也会限制的,14
1.女性的身体是自己的，生育权也是，没有人能替代她的痛苦，因,30
问男的为什么能投票那个，性别歧视是吧，我们男人什么时候才能站,30
但凡你知道生育和抚养多辛苦，你就不会反对堕胎了,23
男性没有生育权，望周知,11
谁生育谁说了算,7
首先，谁是生育者，她没有权利多可怕,17
不论国家，每个女性的生育权就该是自由的,19
生育的承担者既然是女性，那女性就应该有权利来选择是否生产,28
所以你们支持堕胎只是为了向社会隐藏自己对生育及养育的恐惧？真,30
为什么要限制？不想生就不生有什么需要限制的？,22
说的根本就是占有生育权,11
合理屁…离婚怀孕，一方不同意就不能堕胎，哪里合理了？,26
雪还不生二胎,6
二胎也该安排上日程了,10
二胎有计划吗,6
赶紧生二胎啦,6
你还要二胎吗？,7
犹豫二胎,4
也没有任何避孕是百分百的，没有生育计划就不要性行为，最安全，,30
虽然我是坚定的不生育主义者，但是如果意外怀孕，堕胎的时候大概,30
没必要，胎儿也是竞争母体营养的,15
身体上的伤害是特别特别特别大的，有可能直接失去生育能力,27
才大二就让自己怀孕，还想生下来不就是蠢吗,20
女孩的生育器官就是为了生育的，难道是为了卸欲的?,24
医生会故意严肃的，因为身体健康生育本来就是严肃的事情,26
看了之后不想生了，受罪,11
有无法生育的危险刮就很疼,12
敬告在座各位女性，堕胎可远没有生育痛苦，但凡想堕胎就千万别犹,30
第一胎不能打的纯属放p，我就是我妈第三胎前两个孕期吃药了就打,30
可能这个女生以后就不能生育了,14
做这种晚期堕胎的女性，有一部分以后再也无法生育,23
希望各位女生知道生育是你们的权利,16
堕胎和生育都是女性和胎儿受难，男人置身事外，还经常说：你们女,30
了解了还会想生？,8
？？？这就还为什么有些女生不想生孩子啊，也太理所当然了,27
了解越多我就越不想生,10
丁克路过,4
这样的男人的话，我可能趁着孩子小赶紧打了离婚再找一个也不想给,30
咦！我记得之前他们在几对夫妻对谈视频中是主张丁克的,25
男的真的理解不了女性生育有多难这个问题,19
该离婚了,4
男性真的很难意识到女性在生育上付出的代价，所以我的答案是不生,30
天哪如果我怀孕在怀的痛苦过程中我一定会恨上孩子 所以丁克,28
但是大多数男的不会经历生育之痛想当然这么认为也正常,25
就一句话，跟随自己的心，自己想生才生，自己不想生谁说都没用,29
肯定吖。 别把婚姻生育想得那么坏这是不可怕,21
是真的不想生小孩，所以恋爱6年也没有结婚,20
万一你女儿不想生孩子呢,11
没错 其实我是愿意生育的 但不要认为这是理所当然,24
最重要的是，女性不必生育，可以自主选择吧,20
他一点触动都没有吗？不会想到自己的母亲生育自己时的难受吗,28
生育无论对女性的外貌还是健康都是不可逆的损伤,22
我很悲观固执地认为没有男性能共情女性生育的痛苦,23
看着你老公的表情，只能联想到马上离婚,18
原来在生育这方面，对男性要求那么低？,18
这个男的已经开始不耐烦了，迟早离婚,17
单身人士也会结婚，同休产假是抵抗职场歧视的好办法,24
延长产假就会加剧就业歧视,12
所以，生孩子一定要是你想生啊！没有经历过的人是永远无法理解的,30
老公表情这样冷漠，真的分分钟想离婚,17
离婚吧，这男的不配，好男人多的是,16
没有必要刷什么离婚啦，虽然男嘉宾反应是让人觉得有点冷漠，但是,30
能看出来你确实不想生小孩 下次不想做的事 一定不要勉强自己做,30
而对女性永远有很高的外貌 性格 道德 生育要求,23
这男的根本就不理解也不想理解生育的痛苦.....一直在反驳女,30
一胎因为大部分严格卧床保胎 直接涨了90斤…二胎35斤,27
嘻嘻生育的主要原因还是因为丈夫想要……但这个丈夫仿佛事不关己,30
到如今，她老公也没理解她生育的难处,17
怀孕生育真的就是女性单方的付出,15
如果男性都去理解和共情，生育率才有提高的可能,22
男的完全不能理解，生育期间不出轨，支持你，已经是很好的老公了,30
谢谢嘻嘻分享，每个女性都有权利知道生育过程,21
果然不结婚解决人生一半的痛苦，不生育解决九成九的痛苦,26
一直都无法理解，既然这么痛苦竟然有人会生二胎？？,24
生二胎完全是因为好了伤疤忘了痛，一个小朋友孤单，两个孩子一起,30
问题在于很多女性不清楚即将面对什么的情况下就被要去生育,27
我不用经历生育，突然有一天我就有一个孩子我也高兴,24
一胎打了无痛，第二胎太急了来不及打无痛，真的差别很大。,27
如果男人也可以生育就好了，十个都没问题,19
因为你是丁克，你不想生,11
如果连这个都接受不了，还是早点离婚吧,18
如果二胎会很快,7
顺产二胎就有可能,8
生育补贴不是单位支付的啊,12
生育津贴难道不是国家发的吗,13
国家提供可靠安全的新生儿育儿机构和生育优惠，比增加再多的产假,30
怎么说呢，感觉嘻嘻一开始就不想生孩子，所以整个阐述过程听起来,30
生育津贴是国家发的,9
生育津贴不是国家给吗,10
生育补贴是保险给的钱,10
太真实了，现在应聘时女性已经因为生育任务处于绝对劣势了。,28
怀孕生育是有风险的，不止有你的身材变化还有记忆力减退，掉头发,30
生育补贴其实是生育保险贴的嘛？除非说生育保险cover不了这,30
如果缴纳了生育保险，国家会把补贴发给企业的,21
生育补贴是国家出的钱,10
一胎慢，二胎会快不少,10
生育金是国家出的 不是企业,13
你的最坏打算不过是离婚换个老婆再生罢了 没有肉体损失,26
然后生育率就会越来越低,11
科里生过孩子的基本上都有这个情况……这也是我不想生孩子最主要,30
这是一胎，二胎的话，发动就非常快了,17
真的男人根本不能理解 所以我真的真的不会生二胎了 代价太大了,30
？？？生育津贴是生育险出的啊，企业只是出了基本保险金，这就是,30
误区了 生育津贴是国家给的,13
生育津贴是国家发的，企业只是帮忙申请一下,20
救命，我真的不想生了,10
生育津贴是政府发的，不是企业,14
看男的反应更不想生了,10
没啥好疑惑的，如果全部成本交给企业，只会加重对女性对歧视,28
拜托，这个生育补贴难道不是生育险里给的吗,20
生育金是国家给的哇，我们自己交的生育保险,20
男的也有生育保险的……,11
不是生育的可怕，而是弹幕这样的理所当然还有我亲眼所见的一些男,30
直接失业,4
生育津贴不是来自生育保险吗？为什么是企业承担？,23
前面说不想生不要生的，这个真的不是女性自己决定的各方面的压力,30
就因为女人会生孩子 所以被职场歧视,17
削弱竞争力就削弱把，孩子比一切都重要好吧，工作没了可以再找,29
离婚吧，何必呢，活受罪,11
笑死说老公脾气好的，奖励你生三胎,16
我如果遇不到一个能感同身受女人生育痛苦的男人，我一定不会生！,30
srds生育津贴是社保支付的,14
太窒息了 赶紧离婚吧我的妈呀,14
因为所有生育产生的身体损伤都是女性在承担啊！,22
生育补贴是国家发的,9
为啥要生呢，不生就好啦，让想生的去着急呗,20
特别是现在开放三胎！,10
企业给女性生育的这个补贴以后还有哪个企业敢找女性啊？那女生都,30
生育补贴是社保局发的呀,11
奶奶辈的人，基本上都生育了5个左右，天啦，她们是怎么过来的,29
生育补贴是国家社保补贴的姐姐,14
这tm跟性格无关，就是跟男性女性在面临生育一个不公平，你作为,30
还有女人可能就不太想生孩子。,14
我感觉他们不在一个频道上，对于女性和生育有一定的本质的分歧,29
生育津贴是国家补贴的，平时交的社保里面有一项,22
孩子是给家人带来幸福的…没孩子多少人离婚，有孩子让不少父母成,30
这个是生育保险，不是单纯企业的负担,17
拿生育津贴，公司只会发基本工资了好么,18
快离婚吧,4
满满对自己不想生的委屈,11
我觉得姐姐虽然很清醒但是嗯有点太过卷自己了你的声誉你选择生育,30
赶紧离婚吧,5
不是，你要让企业承担的话，企业会出于省钱的考虑更加歧视女性,29
每个月交那么高的五险，领生育津贴有什么不可以的,23
b站上有好多讲生育的妈妈。想要孩子的夫妻多去看看吧。prep,30
这个生育金是社保基金出的不是企业出的，就平时自己交的那个五险,30
产假+现金补贴只会导致女性在职场更受歧视,20
男性也必须承担生育责任啊,12
引产和生育没太大区别了，抱抱,14
我感觉男方不耐烦了，担心他们会离婚,17
男人基本都这样 一问都想生孩子 因为不用他生,22
老实说，我是一个准备单身生育的女性，看的这些确实让我有一些沉,30
我也是经历过那么难受的感觉 反正我再也不想要二胎了,25
母体跟胎儿是竞争关系,10
我们没有故意夸张去吓未育女性，这就是陈述事实，我们生育一次经,30
有一个合格的伴侣和保证经济独立的能力才会让我勇敢选择生育,28
你现在可以想一下，有没有勇气生二胎,17
是的，这是事实，每个还未生育的女性都有知道所有事件的权利和决,30
我觉得这是女性需要知道的，生育就变得更深刻更有意义,25
真实的更恐怖，各位没生想生的姐妹做好准备,20
想生就接受呗，我现在已经怀孕了，我自身就带抑郁症，到后面还会,30
哈哈丁克,4
会去勇敢地拒绝生育以及更加地去爱和珍惜自己的妈妈,24
说出事实没有问题，没生育过的女生需要知道实情再做判断,26
中国的生育率要感谢你，谢谢up主,16
作为女性不敢生育的原因不是姐姐分享的孕期痛苦，而是这位男士表,30
听到之后更不想生孩子了,11
所以很多人都不知道就稀里糊涂的怀孕了，否则生育率会下降得更厉,30
男的是没有办法共情生育这种事的，他只会庆幸他不是女的,26
离婚吧,3
可能过不了多久，姐姐要开始聊养育。相比养育，生育好像简单很多,30
那还让生三胎,6
生育后的女性比不生育的同龄女性平均身体老11岁左右，不知道哪,30
我就是没有经历生育，但已经觉得这件事我不知道如何克服,26
迟早离婚，女生不配,9
感觉男方对生育的认知还是不够全面无法体会到女性的痛苦,26
我觉得越是不说，男的越无知，越没办法理解女性为什么对生育有恐,30
对！！社会都一味在关注生育的喜悦。其实作为生育主体的母亲，有,30
救命 不想生了,7
太多女性稀里糊涂地怀孕生子了，了解生育风险是非常必要的,27
不是靠捂嘴，就能让生育风险凭空消失。,18
1二胎都吐,5
所以我不会二胎,7
看过生育陪产的那个视频 ，其实他们很好的,20
可是为什么明知道有概率怀孕并且自己并没有做好生育的准备时还要,30
离婚保险期,5
就像离婚冷静期...,10
前面真好的，离婚冷静期好吗,13
沈老师有讲过离婚冷静期吗,12
你不能因为离婚冷静期的坏来否定堕胎权的好啊……,23
离婚冷静期,5
离婚冷静期,5
离婚冷静期之前沈老师的播客里说过她也不支持,21
离婚冷静期给那些冲结婚又冲动离婚的人敲了一个警钟不是吗？,28
家暴走的是诉讼离婚，跟离婚冷静期无关。不知道你在这里提离婚冷,30
离婚冷静期是倒退,8
可是离婚冷静期它背后代表的样子简直和反堕胎的后果一模一样 贫,30
有了离婚冷静期不是更要让你在结婚前就考虑清楚吗？离婚冷静期就,30
真有人觉得离婚冷静期好……我的三观又刷新了,21
有了离婚冷静期才能让人们注重结婚这件事阿,20
美国没有离婚冷静期，有本事移民美国,17
说离婚冷静期不好的麻烦去了解一下冷静期的具体适用情况吧,27
月份大了有危险，要真不想生，早早去做，以及，没想好就好好避孕,30
离婚冷静期只是适用于协议离婚，即双方协商一致并就财产分割孩子,30
你在误导他人，专业医生说堕胎一次降低女性生育率30%,26
离婚冷静期并没有你想象中的那么不好,17
鼓励结婚，不倡导离婚，所以离婚需要冷静，怎么见不得人好,27
离婚冷静期是对协议离婚啊，真的想离可以起诉离婚啊,24
居然真的有人支持离婚冷静期？养尊处优站着说话不腰疼,25
离婚冷静期很烂，不知道哪个人跟欧美学的烂东西,22
拳真的离谱，自己去看看离婚冷静期是干嘛的再说可怕不可怕吧,28
喷离婚冷静期的能了解过了再喷么...,18
离婚冷静期同样意味着有许多人结婚也是一时冲动的，而这些人离婚,30
就跟离婚冷静期一样吗,10
今天的生育成本 高,9
可是女性再没心没肺也得承担生育 男性真没心没肺起来真是可以彻,30
当下很多人不想生孩子就是担心无法保障孩子的发展,23
确定不了所以才要有离婚的自由堕胎的自由,19
就像离婚变难了之后，结婚率也降低了,17
感觉并不在乎女性的死活，只要保证生育率,19
清教徒甚至反对不以生育为目的的性行为,18
分担生育责任。,7
开放女性单身生育。,9
试图用压迫女性解决生育率低下的问题，就是饮鸩止渴,24
母亲知道孩子可能有缺陷不想生，但法律让她堕胎就坐牢…,26
参考到我国的离婚冷静期，确实让大家对婚姻都很冷静,24
离婚冷静期同理？,8
太对了！就像离婚冷静期让很多人害怕结婚,19
离婚冷静期同理,7
美国这个神奇的国家是为了提高生育率吗,18
鼓励三胎有逼着你生吗？有不让你打胎吗？一天到晚说真的无聊,28
离婚冷静期让很多人不想结婚,13
为了生育率？,6
所以不想生孩子,7
这和离婚冷静期异曲同工啊,12
不能堕胎，干脆不发生性行为，离婚太难，干脆不结婚,24
我单亲，但是我不觉得我缺爱，我父母即使离婚了也对我很关心,28
离婚冷静期3个月就让我对婚姻更加恐惧,18
别人不想生，生出来你养,11
生育对于希望做母亲的女性来说是幸福的，不要把自己的想法强加到,30
民意没有用的，全球都如此，离婚冷静期不也通过了吗,24
不是，禁止堕胎不是为了让女性注意尽量不想生就不怀孕吗？堕胎对,30
我们的 离婚冷静期 也是学习 韩国的 离婚熟虑期,24
111只有在女性想成为母亲的时候生育才有意义,22
生育对女性身体带来的伤害很多是不可逆的,19
说明女性生育能力强,9
丧失生育能力呢？,8
不如改造男性躯体，让他们也能生育吧,17
难怪美国南方的很多州被人歧视,14
女性连自己的身体都不能掌控，这难道不可怕吗，为什么要强迫生育,30
然而男胎不能影响生育率,11
随意检测胎儿性别？不想生就不生，想生又不想要岂不是多此一举？,30
挺好的 男的可以绝后 女的不用生育 皆大欢喜,22
三胎,2
浪费了17亿预算才帮助两名中年失业妇女再就业还不准民间批评，,30
然后没有女性降生，继续生育率下降,16
多发展科技，想生自己生喽,12
寒冷有助于生育？,8
国家的生育率就靠这些未婚妈妈了，加油！鼓励！掌声！,25
挺好，生育率上来了,9
你懂什么，这是为国家生育率做贡献,16
别人自己不想生而已。。。别扯什么拳,17
有压迫就有反抗，可能是性别歧视太严重,18
我是想第一胎女就生二胎，结果来个男孩，不准备要了,24
生育决定权的确是专属于女性的,14
不过是从一种限制生育权走向了另一个限制,19
我就只想生女孩,7
我以后只想生女儿,8
堕女胎叫生育自由，堕男胎就急了，也不想想为什么会堕胎啊。韩国,30
知道二胎三胎的性别比吗,11
韩国本来生育率就下跌的那么厉害了，还搞这搞那啊,23
生育本就是女性自由 女性本来就有权利选择 拿回自己的权,27
啥古代啊？要不要去查查等国二三胎性别比啊,20
生育决定权本来就是女性掌握就比如一个原本是我的东西你抢走又还,30
韩国女生说绝不从胯下生出歧视我性别的人,19
“我不会让我的胯下生出歧视我的性别”,18
我不婚不育,5
不是，人家女的自己怀的，你对人家指点个屁？不全看女人想不想生,30
棒什么？我不理解，这难道不是性别歧视吗？,20
“我的胯下不能生出歧视我的性别，我的血肉不能变成刺向我的尖刀,30
我的胯下不允许出现歧视我性别的存在,17
太好了！这才是生育权,10
支持，生育权是自己的,10
干的漂亮，男性没有生育功能所以这么做是对的,21
生下来压迫自己歧视自己的性别，多么痛苦。,20
我的胯下不能生出歧视我的性别，我的血肉不能成为刺向我的尖刀,29
我的胯下不能生出歧视我的性别,14
女人掌控自己的身体，想生啥生啥,15
正好可以减少生育,8
本来生育率就低,7
我忽然理解为什么不想生男孩了…,15
双卵子生育存活率99%，没有精子也有后代,20
不想让歧视自己的人从自己胯下爬出,16
我的胯下不能诞生出歧视我的性别，我的血肉不能化为刺向我的尖刀,30
我的胯下不能生出歧视我的性别，我的血肉不能变成刺向我的尖刀,29
我的胯下不能生出歧视我的性别,14
哈哈哈哈哈，很好的降低了结婚的竞争压力,19
不过火，发展双雌生育世世代代只生女孩就好,20
我的胯下不能生出歧视我性别的人，我的血肉不能是刺向我的锋利,29
我的胯下不能生出歧视我性别的人，我的血肉不能是刺向我的锋利,29
怪不得美国人一生就生那么多。因为意外怀孕了不想生都不行,27
不婚不育，仙寿永昌,9
联邦权和州权的竞争,9
提高生育率,5
不错啊，机智，能提高生育率了,14
但是这好像有点歧视女性不尊重女性了？难道美国没人喊这存在歧视,30
外国人开放，那要是不小心有了又不想生，这样估计会限制一些不确,30
前面的。。。性。。。还可以带来快感，不止是为了生育,25
如果真要说性一开始的目的的话确实是为了生育延续而不是快感，但,30
你又怎么知道胎儿想生下来呢？,14
你又不用经历生育的痛苦,11
有些人有严重妊娠反应根本不适合生育,17
性行可不仅仅是为了生育,11
不想生，结果被强迫生，孩子谁养,15
实在不理解女性不想生孩子需要什么理由-_-||,23
你个男的有什么资格决定女性生育与否？,18
女性的生育成本太高了,10
如果没有准备的情况下生育 不更会导致家庭悲剧吗？,24
我感觉最高法院这是剥夺女性自由生育的权利，身体是我自己的凭什,30
老生育机器了,6
从生物角度上来说，性行为确实是为了生育,19
动物的性行为是为了生育，人类可不是,17
没想生为啥要怀孕,8
没有生育功能的人无权决定这些好吗，男的闭嘴，看着就好,26
响应二胎，不是,7
女性生育有极大的死亡风险，说白了就是女性的生命权还没有一个未,30
男性不可以生育为什么可以决定女性生不生育,20
男人都不能生育，为什么有发言权,15
不为生育你直接结扎呗,10
赌五毛支持禁止堕胎的大部分是男的和已经失去生育能力的老女人,29
既怀了就要生下来，这个观点从某种程度上把女性划为了生育机器，,30
不想生为什么要怀上？就为了一时爽？其他情况除外,23
跟宗教信仰的关系更大一些，基督教中性的唯一目的是生育，是不能,30
每个周都有自己的生育机器，大家都有光明的未来,22
太简单了全都去结扎，直接彻底搞低生育率,19
这不就是把女性捆绑在生育机器这个位置上，女性连选择的权利都没,30
中国女性流产是会拿到生育津贴补贴的。。。,20
这就是所谓的自由？自己不戴口罩出去害人就是自由，别人不想生就,30
不要女人或者女人都不生育了我觉得就解决了,20
这真的不是因为男权社会下为保后代而藐视女性生育的权利吗,27
美国的女权还是受到的重视还是不够，自己的生育权还需要别人来j,30
女性的生育权利居然掌控在男性手里？这合理吗,21
成生育机器了这是,8
不婚和掌握自己生育权等于伤害男性南泉的思路一直可以的，对啊，,30
女性可以去父留子单身生育，前面真不懂还是假不懂,23
他们不用极端，生育率低自然就没了,16
都不婚不育,5
不婚不育算不得女权吧，这不是个人自由吗,19
清醒一点，生育权是女性自己的权利,16
一个统一的国家，不应该存在歧视,15
不婚不育怎么你了？,9
不婚不育居然算错？,9
你根本不了解 日本韩国女性都是爱国的 不婚不育 大部分没说要,30
不婚不育也有问题啊哈？,11
流产对女体有害，生产带来的危害更大，所以女的不想结婚不想生子,30
现在好多人都想生女儿了，生个男孩不累死,19
因为少的那些劳动力是为了有生育的身体牺牲掉的！,23
不婚不育不属于女权吧！,11
中国其实也在倒退，比如隐性强制生二胎三胎，结婚冷静期,26
全球生育率都不行了是吗？,12
你以为美国的生育率是怎么保持高的。。。。,20
感觉是为了白人生育,9
禁止堕胎说白了就是对女性的歧视，其他都是借口,22
中国之前你想生也不让你生，半斤八两,17
国内不让堕胎，生育率绝对保住了,15
强迫不生育呢？,7
禁堕胎还不如支持生育,10
按现在极低的生育率，我们也快这样，建议话别说太绝,24
离婚冷静期,5
我也不支持无任何条件的堕胎，保证女人的生育权了，男人的生育权,30
那些非要说男性生育权怎么保障的，可以自己怀吧！自己的娃自己怀,30
男的能自己生再说生育权吧,12
女性必须要拿到完全的生育权,13
而且无论男女，绝大部分政客的年龄决定了他们不太可能再生育——,30
如果说不生育罚款呢,9
我觉得有可能，因为生育率下降得太可怕了，唉,21
澳洲是单身收税，从没听过不生育罚款,17
禁止应该不会，但是会限制，看现在的离婚冷静期,22
国内生育率猛降，说不定真的会,14
不会，十四亿人呢，能生三胎还立法不让堕胎，直接二十亿打底是吧,30
以前也没人想到离婚的自由都会逐渐失去,18
可能，现在出轨都不是法律上离婚理由了,18
这可不好说，毕竟都有离婚冷静期了,16
绝对会的，以后生育率如果跌破冰点，别说堕胎权了，单身人群都要,30
搞笑这样来提升生育率就是笑话,14
那只能出生就结扎，想生孩子做试管吧,17
看到一个离婚冷静期，其实更应该给结婚一个冷静期​,24
不仅是不健康的，非计划的任何生育都会给所有当事的男男女女带来,30
我国法律女性享有生育自由,12
只要对生育率有影响的都会被重拳治理,17
按离婚冷静期的封魔程度，确实可能，也不难达成,22
我觉得女性不想生，就能堕！,13
哪个专家敢提，生育率再降个几成就不敢说了,20
为了生育率或许会,8
离婚冷静期和堕胎就不是一个层面的事,17
生育率一直下降的话，100%会,15
前面说离婚冷静期的你踏马到底懂不懂啊，有多少人是因为一时兴起,30
堕胎权现在可以有，以前失去的是生育权,18
不会，女生有生育权的,10
罚呗，罚款能比生育的后遗症和养育孩子的花销还多么,24
我们不是宗教国家，但还是可能会为了每况愈下的生育率禁止堕胎，,30
中国有离婚冷静期,8
离婚冷静期，就他妈离谱,11
别以为所有人都反对离婚冷静期,14
不婚不育赛神仙,7
不想生就堕,5
不想生男孩就堕,7
离婚冷静期出台够严谨不?,12
不想生，或者是别人的，或是老公的，然后就堕胎,22
现实当中压根没有不想生男孩儿就堕的现象,19
离婚冷静期？,6
如果不想生，强制生下来，婴儿的童年可能需要一生去治愈。,27
应该鼓励无婚姻生育，社会接盘,14
前面不想生就做好措施，堕胎能不堕胎就别，这是非常危险的,27
强制性不准堕胎更不会提高生育率，想堕的总有办法堕,24
重女轻男怎么还要到男孩才停止生育啊,17
鼓励生育有的是办法，还不至于这种程度…,19
不好意思离婚冷静期是从国外借鉴的,16
前面的这你还真说错了，真有不想生男孩就堕胎的，有幸亲眼见过几,30
与其不让人堕胎，不如降低生育成本生活成本,20
懂了，不婚不育芳龄永继,11
生生。生，好像生了就不用养似的，那么内卷养活自己都很难了,28
终身雇佣制下，这种是可行的，因为女性会在生育之后继续为公司工,30
同质化教育出来就是内卷，以前的大学生文凭含金量等于现在研究生,30
男人，休假才能不参加歧视女性，男女用工成本一致了,24
我笑了，公司可以歧视女性，但是肯定不可能歧视所有已婚的，不然,30
对于想生孩子的这确实是好事啊，对于不想生的人家也没强迫啊,28
这么好的待遇，牠们生育率上去了吗？,17
农业社会喜欢生育，听懂话的牲口上哪找去，工业化社会不需要，按,30
性 婚姻 生育,7
性 生育 婚姻,7
不婚的根源是生活幸福感不强,13
"2020年各省市新生儿不同胎次的性别比1，第三胎湖北,177",30
之前不是还有调查说生育能力下降了吗，精子质量连年下降，还有生,30
关注你怎么没被没有没有推送，歧视我?,18
三胎也一样…,6
对女性生育选择横加干预，不管想让她生或者不生，都是冒犯。（优,30
怪不得现在咋年轻人不想生。。,14
就跟一堆专家教授鼓励三胎一样，生出来抚养，教育，工作，住房，,30
三胎力度还没计生强呢，你看看反堕胎那个QJLL都想让你生的态,30
因为婴儿吞金，加速资本流动，创造就业岗位，稳固资本低位,27
恶性循环了，美国果然是歧视者的天堂，这样有好就怪了,25
说三胎一样那个，药吃多了,12
把女性当成生育的工具,10
美国不是自由社会吗？想生的就生不想生就不生好了 才是自由,28
生三胎是你的自由 你可以选择不生 而不是强制 搞清楚区别,28
三胎？有谁追着你生？,10
一样个鬼，逼你生三胎了吗？不让你打了吗？,20
你觉得是生育对女性的大还是堕胎的影响大？答案是前者,25
生孩子对女性的坏处可比堕胎大的多，特别是你不想生的时候,27
在那个年代，她未婚女性生育小孩真的很难得，后果不见得比这好多,30
不能生育多好啊,7
就算不想生育也没必要羡慕这种不能生育的法子,21
大医院靠谱点，不至于打过之后就失去生育能力了,22
最恐怖的是泰国女性自己没有权利决定是否生育,21
生理男自认女同，你敢歧视我？,14
为什么L开头，这是歧视B,12
这不是对MAGA的歧视嘛？？,14
头皮的问题居然是价格歧视,12
歧视女性,4
歧视啊,3
这个不算歧视，这个是算战斗力,14
？歧视印第安女性？？,10
好家伙，这是完全把女性当做生育机器了,18
这波是拉动邻国就业，你做的好啊阿美（,18
市场在哪里？壁垒是什么？竞争抓手在哪里。,20
第二胎半价,5
美国缺人 变相鼓励生育,11
这都看不懂 还敢讲美国 白人要生育率,18
三胎出来几个月也有砖家提议不准人流,17
生育权不属于女性谁与谁？男的连这个自己没有的功能也想占？,28
美国用新冠把老的劳动力洗完了，想生产新的劳动力,23
我失业了,4
今天不准堕胎，明天不准离婚,13
我也失业了,5
转移国内经济压力,8
白人想提高生育率,8
叫女性生育权。是天然的，不需别人施舍。,19
结婚离婚不算隐私是吧,10
内卷哈哈,4
其实禁止堕胎对美国也有利，毕竟生育率其实也挺重要,24
不想生，宁可坐牢也不生，或者干脆就不怀，想看看这个法到底能达,30
出个法律再说非父母同意的生育是犯罪吧，魔法打败魔法,25
应该是女性的生育权利,10
好家伙，连女性都歧视,10
有生育权就有堕胎权,9
我们三胎的真相是？,9
可是三胎你可以选择啊，不是强迫女性生育的！！！堕胎权是强迫！,30
说三胎那个也没说不生三胎就违法啊，跳什么呀,21
一切争端的尽头都是生育权,12
三胎一个尿性,6
三胎不也是补充劳动力和消费力么？,16
你们想想我们为什么要三胎？,13
难道不都是这样吗？请问为什么要允许生二胎和三胎啊？,25
洋人性不恶上帝就失业了,11
哪儿不是呢？放开二胎三胎不也一样？,17
开方三胎了,5
国内现在砖家不顾现实提倡三胎不也一样,18
看到这，还不赶紧去生三胎？不顾大局！何其自私,22
没毛病，本身就是为了提高白人生育率,17
二胎、三胎？,6
说白人的又肤浅了，白人也有歧视链,16
可以去看那个小李子演的《血砖》也是歧视类,20
所以开放三胎了,7
全世界生育率都低 单看族群以后黑人可以统治世界 人类起源非洲,30
三胎没强迫你生吧。。。,11
三胎三胎,4
快生三胎,4
说三胎的，只是开放，没逼你，也没不让你堕胎啊……,24
鼓励三胎应该是考虑未来，人口老龄化的问题，减少劳动力低下的问,30
拿枪逼你生三胎了？人家是直接立法不让堕胎，还俺们一样,26
我也在想是为了生育率,10
二胎三胎咧？,6
三胎,2
这和我们一直在刺激生育不是一回事么？,18
我们的三胎跟这个是本质区别 你别乱带节奏,20
想一下现在的三胎 异曲同工,13
三胎？,3
这不跟某专家鼓励三胎一样？,13
我们也是，所以一胎，二胎，三胎，不孝有三，无后为大都得遵守,29
我们国内也没差，都开三胎了,13
二胎三胎一样的道理,9
其实现在黑人生育率总体也不是很高,16
说三胎的，有人逼你生了？还是不让你堕胎了？,21
我们开放三胎了,7
笑死我了，三胎是自己选择，就算你堕胎也不会让你强制生，这可和,30
说的开三胎你就生一样的，我们可没禁止堕胎这个程度,24
跟我们的二胎差不多啊。,11
三胎对么,4
三胎不也是这样吗,8
本质还是生育率,7
那么女性自杀是不是又要竞争,13
大国都在为生育率低发愁，美国有办法解决。,20
我不那啥就不会怀孕！生育率按不到我身上,19
点是二胎,4
居然准备二胎,6
人流多次还能生育，强,10
七次人流还能生育，这女的身体素质挺好的。,20
老板二胎,4
打算要二胎？查查头胎是谁的？,14
简单说吧，要二胎，老公带去检查，怕医院告知打过胎，偷情露馅了,30
美国一直都在歧视非美国本土以外的人,17
自己想生一个美国娃希望落空了?,15
不想生为什么要怀？孩子爸爸呢？,15
这个亚洲人估计很不想生做亚洲人吧 太可怜了但是她也没得选,28
昨天已经说了，人家已经结婚，这个是二胎了,20
别人结婚了，这是二胎，谢谢,13
你猜他为什么离婚,8
我反正是知道了你离婚的原因了,14
差得多，很多没结婚而已，但在一起的时间未必比合法夫妻短，离婚,30
比如婚前生育,6
还有离婚的啊,6
奇了怪了，宗教想生又不管养,13
耶稣也是非婚生育啊,9
受孕者一定是男性吗？你这是搞性别歧视贴标签,21
不是说男方没有生育权吗，这会儿又有了？,19
非婚生育里有一部分是先上车后补票的,17
《非》婚生育,6
一次生育可能不止一个孩子，所以是百分之七十及以上？,25
因为非婚生育的女性往往生得更多，所以没爹的黑人比例＞＞70%,30
国外不是好多人非婚生育么，这不是正常现象？,21
非婚生育，也有爹啊,9
高情商：非婚生育。低情商:生下来没爹爹,19
怎么就没问题了？非婚生育可能是情侣啊,18
还有不婚主义啊,7
新职业诞生，解决了米国大量就业问题，实在是太暖心了,25
像我同学，爹妈离婚了，平时不见面，结婚时爹出来露个脸,26
民宿不同而已，不存在歧视,12
他怎么歧视的?他把当地人习俗说了一遍,18
陈述事实不算歧视,8
建华生育,4
我就是歧视,5
美国人民有非婚生育的自由,12
白人也有不少同居生育但不结婚的，因为离婚抚养费太高，分分钟中,30
陈述事实也算歧视？？？？,12
想想看，他们的先知也是非婚生育吧,16
这次新冠后遗症不是有影响男性生育功能吧，细思极恐了对吧,27
可以考虑上户口，非婚生育立马减少,16
???这种情况比非婚生育更可怕吧！,17
不能美国离婚成本太高了,11
竞争一旦没有武德就是在比谁更没下限，根本不会有输赢,25
生孩子自由 彩礼也请自由 别一边生孩子自由 还一边彩礼是生育,30
男团女团之间的竞争（狗头）,13
逆向歧视代价，认为女性不能保家卫国，就要承担只有男性服兵役的,30
你要是真的在内卷的话，男性还是比较有优势的,21
怎么不说女性为了生育作出的付出？看来都是只记得自己吃过的亏，,30
这个主意不错，强制女性生孩子，强制男性服兵役，解决男女就业市,30
挺好，男人不婚有了更多支撑,13
就希望女性当生育工具呗,11
几千年的女性压迫史不就是低能男的恐慌吗，竞争不过就不让你参与,30
js省已经把生育率下降认为是女性接受教育程度过高了,25
怀孕可不强制，爱生不生，当丁克吧，兵役可是强制,23
怀孕可不强制，爱生不生，当丁克吧，兵役可是强制,23
你们生育率低是因为生活压力太大,15
女性生育牺牲更大，且范围更广。,15
唉，现在想生个孩子都有一群女生大扯生育工具，无语,24
他们就业不是本来就比女性好吗还不知足？,19
别吹了！韩国内卷女性卷输了，而且是各行各业！,22
女性生育也是一种牺牲，应当获得更多的回报,20
没有就业的元凶不是男女，是财阀,15
千百年来女生的，生育价值几,13
不可否定，女性在面对当下的社会竞争整体还是处于弱势的状态的，,30
每个人应该享有同等的发展权 不应受到就业歧视,22
人家丁克挨着你了？,9
计划生育？？？？,8
女孩子一定要保护好自己，不是性别歧视，而是衷心的劝告，这种事,30
有一些女性堕胎之后就可能会丧失生育的能力，这是真的,25
男人没有生育权，怎么叫伤害他男朋友了？,19
虽然我这辈子都不想生育，但我好心疼她们啊,20
birth control 也是女性z自己掌握生育权的一种方,30
←男的想要孩子女的不想生就算是伤害男的了？,21
那不能结婚谈恋爱了，好可怕。生育权都不是自己的,23
对生命缺少起码的尊重！目前国家在考虑大生育计划，就必须对目前,30
还有那种休完产假休哺乳假，休完哺乳假生二胎的，害怕。,26
人家可能丁克，可能不婚主义哟，未必知道,19
这边要三胎不也是,8
生育是权利而不是义务,10
我国一直都是合法的，我也对此表示支持。但能说出想生就生，想堕,30
阿拉巴马是南部最保守的州 歧视黑人 敬爱上帝,22
撑同反歧视,5
女性有权决定生育不生育，她们不是生孩子的机器,22
懂个毛，美国移民国家白人生育率本来就在下降，你再堕胎，美国很,30
十岁生育会死掉啊,8
生育的苦痛和风险都是女人在承担，她们应该有最大的发言权和选择,30
身体是自己的，这项是不沦为生育容器的基础，不要看到♂的污名化,30
提高生育率,5
强制生育罪,5
为了提高生育率真是操碎了心,13
可以提高生育率,7
可能人口太少了，为了生育率？,14
这么看来中国要求生二胎三胎属于还是很亲民的，我们没说不生就算,30
生命那么重要，就别做爱呀，想生孩子的时候再做,22
还有人不知道生育对母体的伤害比堕胎大很多吗,21
是呀，但是堕胎堕多了就无法生育了。对于有生育需求的人来说，这,30
前面说流产不好的少假惺惺了，还有人不知道生育的损害比流产大一,30
自然行为的生育竟然比非自然行为堕胎还伤身体,21
女性生育一次相当于老了十岁。吃药对身体也不好,22
强制生育和强制不生育都是权利的反人性使用,20
这就是生育权的完全形态，既然没有生育权，自然也无需为此负责,29
男性有生育权，不过仅在枪响之前，不想负养育的责任，可以做所有,30
谁承担生育代价和风险谁决定，就这么简单。如果有人愿意替孕妇挨,30
男性本不该有生育决定权。但是有生育权。,19
有提高生育率的意思，但是。。。。,16
这个发言者这么想生，发展科技，自己生啊,19
给普罗大众科普啦，男性没有生育权！只有女性有！她对孩子做什么,30
私自？？？生育权是在女性手上的吧,16
热知识：生育权只有女性有 谁也没权干涉,19
生育自由,4
生育权在女方吧,7
公婆俩再生个二胎不得了,11
什么叫私自堕胎？把生育权当成了什么？,18
作为一个妇女有绝对的生育权,13
生育权是女人的！不是公婆的！,14
大型双标现场，想离婚：离婚了孩子没爸爸了，不行！遗腹子堕胎：,30
本来生育权就是女性独享，法律有明确规定！私自？？？哪门子私自,30
生育权是女性自己的，别人管不着，胎儿又不是人,22
生育权在女性手上,8
不违法，因为男的没有那种生育权,15
生育权在母亲身上,8
妇女不是有决定自己是否生育的权利吗不需要别人同意啊,25
本来就是又不是你丈夫生孩子，妻子想生就生不想就不想,25
法律上生育权在于女性，望周知,14
很多人歧视单亲家庭的孩子,12
生育权女生独有,7
没离婚也可以自己决定,10
生育权属于女生本身。,10
生育权本来就是女性的,10
女人就该享受绝对生育权,11
不是，生育权本来就在女性手里啊,15
《私自堕胎》生育是女性的权利，望周知,18
你凭什么假定她们的性别是女性，你这是歧视,20
离婚冷静期。。希望这不是我们的下一步,18
这种提高生育率太硬核了,11
十岁就有生育能力？,9
她才10岁啊！！！想生活下去有什么错！！！,21
这是在歧视男性,7
这是为了生育率吗，连犯罪的人的孩子也得要？？？,23
在这个州，女人只是生育工具,13
生育率低迫不得已,8
弹幕搞清楚一点，是美国男人决定女人生育权,20
女性有权决定是否生育,10
都是一群没有生育能力的人立的法吧,16
生育自由呢,5
人流要失业了,6
美丽国的女性即将沦为生育的工具,15
美国是不是生育率也下降了,12
美国要增长人口，又没钱鼓励生育，想个损招,20
法律规定女性不可以堕胎，但是没说男性不可以，这是性别歧视，我,30
堕胎医生从此失业,8
拒绝生育，才能换来平等！,12
为什么生育率一降就不允许dt了？其他方面呢？,22
在这里幸灾乐祸的人，你家的离婚冷静期好的了哪里去,24
谁说女人不是生育机器来自波兰的鄙视,17
西方为了生育率，连女性的基本权都不管了,19
不婚不育就行了,7
中国有离婚冷静期，家暴的女人怎么办？,18
这话说得没错，但是合理生育和合法堕胎也要反对吗,23
难怪歧视黑人,6
→_→你懂什么，这叫计划生育,14
你负担生育？你站着说话不腰疼,14
生育率太低？强制保孕？,11
法国40%的小孩鉴定非亲生父亲的，即使非亲生，不允许离婚，也,30
如果生下来，男的可以扶养，那就没问题，但是生育死亡的，男性要,30
他们是为了提高生育率吧→_→,14
生物自然规律那就不婚不育 没有规律,17
让10岁孩子生育不是要人命么？,15
10岁就能生育？这也太离谱了吧,15
生育权不是自由吗？,9
这样保守州生育率是不是一下子提高了？,18
生育权是女性的权利。权力可以自主放弃。,19
生育权属于女性，如何使用应该由女性决定。,20
胎儿凭什么算人，自己的思想都没有，不过是提高生育率的接口,28
这确定不是为了提高生育率的极端措施？,18
照这个法的解释，女性想生几个就生不用和什么老大老二商量,27
如今婚姻不该是为了生育，生育也不该必须有婚姻,22
女性承担了生育的责任，男的就不能承担下避孕的责任吗,25
那男的承担生育痛苦了吗,11
女的结婚好亏，夫妻两人都享受婚姻快乐，只有女的要承担生育的风,30
不合理，6个月发现男人出轨家暴吸毒要离婚怎们办,23
一帮不生孩子的人决定一帮生孩子的人的生育权,21
既然能独立存活了，那就让它独立存活吧，从此与生育者无关,27
这不是夫妻之间的事情，这是有生育的人是否有决定生育权的事情,29
我们的身体我做主，不想生就不生,15
"一群男性,决定了一个国家女性的生育选择权 多可笑啊",25
弹幕里的男性没有同理心，就不要对女性身体指手画脚，生育对身体,30
当时没有女性竞争成功了呗，有什么问题吗,19
美国为了维持生育率不惜一切了,14
没有啊我老师教我们新教的诞生是因为亨利八世闹离婚,24
梦萍以后不能生育了是不是,12
雪姨说的对什么啊害了女儿 梦萍幸运只是没了生育能力 在这种黑,30
当然，说这个不是洗地，我个人也支持生育自由,21
美国政府真讨厌，试图控制生育，真卑鄙啊,19
可是现在鼓励三胎不就是相当于把妇女往父权制的家庭系统里推吗,29
前面的，谁强制你生三胎了？章口就来,17
哪有强制三胎呀。不过离婚冷静有部分是的,19
美国不结婚的、同性的、离婚的不挺多的么，,20
懂了，这就去生三胎,9
双职工家庭女性更累，生育、育儿还会影响工作和升迁，再加上男女,30
出轨 会坏婚姻运 易致离婚 或结不成婚,19
91年计划生育了解一下,11
结婚了也会有意外来的二胎三胎,14
堕胎万岁，计划生育万岁,11
不要说未婚生育，中国大名鼎鼎的丧偶式育儿大家了解下，反正这帮,30
黄字告诉你个悲伤的消息，计划生育已经被删除了→_→,25
因为小爱和大家的歧视，出事就殃及池鱼11,20
哈？还想生下孩子？恋爱脑吗？,14
不是，这女孩傻的吗？生下来又能怎样，人渣肯定不会离婚啊，一直,30
也是不懂这种人为什么不离婚,13
？至今无法理解家暴还不愿意离婚的男性,18
更不能理解被家暴还不想离婚甚至给老公找补的女的,23
这样都不离婚多少有点斯德哥尔摩了,16
这货肯定不让离婚啊,9
也没有仅次于东大和京大吧，虽然庆应就业很好但是名大之类的国际,30
美国真是内卷了，但我喜欢,12
13岁就有生育能力了,10
第一次打胎后好多一辈子不能生育的,16
生育的伤害比打胎大吧,10
肯定是生育啊,6
很多时候的伤害只是怕你无法再生育,16
不要去指责被伤害的姐姐妹妹了，多去帮助她们打破这种歧视的评价,30
人流影响自己，生育还会影响孩子啊！,17
我老公的嫂子二胎剖腹产做了节育手术结果一年后怀孕。今年四月份,30
唉，我一位离婚的朋友就是有点后悔生了孩子……当时刚结婚就觉得,30
有一部分原因是人流之后害怕自己以后不能生育了，对自己有影响,29
不想生孩子就让男的结扎，这样就大大降低了怀孕的风险还对女性审,30
戒的是婚前性行为吧，结婚后除了丁克生孩子绕不过去的,25
做人流的精神压力实际上就是一个社会对生育的狂爱和婚前性行为的,30
我去 如果是真的 那小山老师幸亏早跟他离婚了……,24
社会应该为女性的生育成本买单而不是企业，否则谁还生,25
社会为生育成本买单笑死，企业薅羊毛薅不够还想薅社会？,26
作为hr，真的超级厌恶这个女的，这种女性只会让女性就业越来越,30
生育成本应该由国家承担,11
这跟国内三胎的所谓专家不是一样的嘛，不结婚生子就是违法,27
失业嘛，小事，今天做手术，明天就上班。,19
一句话，保守人士眼中，具备生育能力的女性不是人,23
一个女孩子的生育能力要别人做决定…..,19
错了，女性的生育权属于社会不属于个人，人口太多的时候可以权力,30
那男性的生育权去哪儿了？,12
从此以后，美国女人沦为生育工具，不论如何都要生下来,25
藏红花你值得拥有 清宫剧里堕胎只需要一碗药 你想生都不好使,29
不管婚前婚后，身体是自己的，不想生孩子就不生孩子,24
那也可能碰着渣男，离婚发现怀了怎么办？,19
婚后难道就一定要生？有了二胎三胎也要继续生吗？这和洁身自好没,30
前面的仔细想一想，这可是为了白染生育率苦心故意搞出来的。,28
女性？歧视跨性别？,9
不想生孩子，结婚前先说好，别结了婚才说不想生，这不是害人吗？,30
以后人口越来越少这个会回归的强制女性生育,20
提高生育啊。。。,8
的确，这实际上是联邦和州的管辖权之争，不是生育呀,24
前面那个可能是男人，不用生育所以觉得不关注也无所谓,25
为什么做手术 现在不想生 不等于永远不生啊 20岁出头大学还,30
女性有生育的自由选择权 是 任何事或物都不能剥夺的权利,27
二胎了？恭喜,6
其实丁克挺好的,7
生育有风险，但是很多人竟然不知道，这难道不才是更该反思的吗,29
还好我不婚不育,7
是个i人，不想生自己不认识的人,15
过几年就忘了。二胎燥起来。,13
所有生二胎都说过这句话,11
高龄产妇,4
即使这有可能让部分人恐惧生育，但是女性有权利知道自己的身体在,30
前面的，如果不能生育就是没用，那要男人干嘛？又不能生,26
什么叫成熟后要女人干嘛？生育又不是女人必须的使命,24
可以啊！！！哈哈，完美解决不想生又想有宝宝的问题~,25
所以我好想放弃这个性别，为了生育要付出好多代价。,24
不想生了，害怕……,9
无所谓，我不婚主义,9
这个几率只是好几万分之一啊家人们，有原本想生的不要因噎废食,29
前面那个不婚的，我连x生活都不敢了,17
前面说蛋疼的那个人，希望你以后可以不生育,20
说制造焦虑的，你想生谁拦着你了哦？,17
你猜开头那个三胎夫妇是古代还是现代,17
这是科普生育风险，男的女的都应该学，万一你老婆怀孕出事但你啥,30
我觉得我们没有必要一直纠结寄生问题，生育就是有多面性的，有好,30
人进化成双足行走已经导致生育增加很多困难了,21
人家很想生你来一个 不能不生吗,15
我姐也切了一半，现在结婚第三年怀了二胎了,20
这是人家小两口的事吧，而且是他们两个都想生孩子,23
☜人家想生不行吗？你爱领养你别生领养去啊,20
一直陪伴已经很不错了，渣男只会离婚,17
女性有最佳生育期受制于身体,13
我家就是四个小孩，经济压力是真的大【叹息】,21
思考下假如你没有生育能力。。。。你的人生凉了一大半,25
看到这么漂亮的姐姐为生育苦恼真的好心疼,19
觉得压力大，最好还是找个丁克的吧，这是身体疾病带来的压力，不,30
自己不想生就别生，把自己的想法安插在别人身上，有什么毛病？,29
见多了就知道有时候要不要孩子，二不二胎很受周围人影响的,27
正是因为她要二胎可能是家庭压力，所以更加痛苦啊,23
后悔还生二胎？,7
很多人要二胎搞得好像是女方自己特别想要一样，再从自己身上挖块,30
那个女人是自愿想生二胎的？,13
很多女性的生育自己不能掌控的……,16
生育工具？,5
边后悔边生 生完更不敢离婚更后悔,16
真以为现在在婚姻里生育权在妻子手里吗？,19
我不理解 怎么还敢生第二胎,13
也 知道为什么二胎了,10
弹幕能不能别地域歧视,10
懂了，为啥二胎了,8
不能离婚吗？,6
我不想生呜呜呜呜,8
“也是女儿”，知道她为啥不喜欢也得生二胎了吗……,24
感谢说出实话，让更多的女孩知道生育的风险和伤害,23
不理解为什么不幸福还要二胎,13
肯定还要生三胎,7
什么叫为什么要第二胎，这她能决定吗,17
有没有可能，是男方想要二胎,13
不婚不育是我的想法！,10
那为什么还要生二胎啊,10
我是第二胎，是我爸想让我妈生的，所以这个姐姐也许不是自己意愿,30
女人就这样，生了一个就想生第二个，无论第一个生得多痛苦,27
也是女儿，救命，可能会被强迫生第三胎,18
猜猜她会不会生三胎……,11
一胎是女儿所以第二胎就用也呗 这个也要扣字眼吗网友们,26
更下定决心丁克,7
那为啥还要二胎啊,8
只要生育这个大bug还在，婚姻两性就永远是枷锁,23
还生第二胎呢还拼儿子呢,11
她生二胎不一定是她自己的意愿啊，弹幕疑惑她二胎的人在牛逼什么,30
早婚，多次生育，远嫁。太惨了,14
还有二胎？,5
？男的想要就离婚啊，自己没主见怪谁,17
天我也。。她三胎宫外孕结束一直默默流泪，我不太会安慰人，我麻,30
别生了 自己身体重要 老公不接受就离婚,19
可能是真的想生个孩子吧，宫外孕体质,17
这样你也就知道在这个男人心里你是不是只是个生育工具了,26
有啥难受的 不婚不育的多得是 人和人的追求不同而已,25
人家喜欢孩子想生问问有没有生的可能都不行？,21
生孩子是女性的权利啊 人家想生自己的孩子没错啊,23
我大学老师讲过他哥们儿的妻子不能生育 结婚是诈骗 印象极其深,30
这女的隐瞒生育病史结婚，按新婚姻法她老公有权提出离婚,26
在婚姻关系中 剥夺知情权就是剥夺男性生育权,21
隐瞒就是欺骗 欺骗就是剥夺生育权,16
男性没有生育权。。。,10
剥夺生育权？男性没有生育权，只有生育请求权知不知道？,26
女性掌握生育权，男性没有生育权，望周知,19
没人觉得她不婚前坦白有问题？,14
不能生也是女的不能生了 男的有几个会认命不离婚的,24
本来就没有生育打算……不过概率这么高还是让我震惊,24
生育损伤很常见啊，有些人回去问问自己的妈妈不就知道了吗？,28
感谢老六 女性应该更真实全面的了解生育问题才能做出符合自己心,30
可不是个例，我身边已生育的人都有，二胎三胎的更多。。,26
那些想要用个例掩盖生育损伤的是何居心？,19
懂了，把它看做一个预期风险，能接受再考虑生育,22
还好我不婚不育嘿嘿,9
我爹be like，我说不想生孩子，他说母亲多伟大你为啥不想,30
非单身生育的话男方出钱医美治疗,15
其实自己选择不结婚不生育就可以了,16
明星首先是体重控制做得好，而且一般生育年龄不低，加之有医美可,30
我一个同学，二胎生了龙凤胎就是这样的肚皮！,21
我39岁生的第二胎，肚子恢复的很好,17
我二胎就是这么大的肚皮 快两年了也是松松垮垮,22
这是把她当生育机器了,10
第一胎如果没长纹二胎千万不要心存侥幸,18
说的好，谢谢姐姐让大家了解生育所带来的风险,21
我已不婚不育了,7
不会吓到，百分之八十的孕妇都会长，准备生育的还是要做好心里准,30
反正我不婚，哈哈哈,9
放心，我是不婚主义者,10
我的妈啊，我更加不想生孩子了,14
吓到个屁啊，想生的照样会生，你们男的心理素质真差,24
不想生了,4
《突然想到 如果 30岁是高龄产妇？ 那二胎三胎,24
我擦，谢谢，坚持了我不婚不育的想法,17
天呐，我都不想生了,9
我的天。不想生孩子了,10
啊，不想生了,6
我不想生孩子了 没有人值得我为他生,17
对不起，不想生了,8
不想生了,4
不婚不育 芳龄永继,9
不想生孩子了,6
太可怕了，我这辈子都不想生孩子,15
啊这，不想生了,7
谢谢分享，成年以后坚决丁克！,14
尽量不婚，坚决不育,9
妈妈谢谢你，但我真的不想生,13
救命，不想生了,7
不想生,3
天呐……谢谢不想生了,10
立志丁克,4
我一个不要二胎的，在这听个啥？,15
不婚不育的人嗑瓜子看,10
生育真的好痛苦,7
突然不想生孩子了……好痛苦,13
看完这个视频我以后都不想生孩子了QAQ,19
职场性别歧视下表示并不想生娃,14
救命不想生了,6
不想生了……,6
天啊 可妈看起来完全不像二胎妈妈,16
都二胎啦,4
我妈长纹就是因为她高龄产妇（35岁生的我，我还快八斤 巨重,29
懂了，为了不浪费，怀了二胎,13
可妈为了不浪费，所以毅然决定要二胎,17
会考虑三胎哈哈哈哈哈,10
祝可妈二胎生产顺利,9
可妈二胎生产顺利！！！,11
我二胎很顺好运给你 一切顺利,14
祝可妈二胎顺利,7
可妈第一胎开始快的话，二胎可能更快哦,18
因为孕反，放弃二胎,9
怎么讲女权不对吗？你想生去生啊 有人拦你吗？？,23
不婚不育，芳龄永继。,10
我妈有，因为生我有的，周围的女性生育之后也是身体状态改变很大,30
男女都觉得难看，但能够理解女生生育的不易和顶着妊娠纹的心酸落,30
每日一遍防止结婚 抵制生育,13
矫情个腿矫情，你想生自己去生,14
生育的痛苦他们永远体会不到，他们站在圈外，漠然的说着些台词,29
加入“坚决不婚不育”收藏夹,13
我姐姐也是二胎没有妊娠纹,12
想知道你家二胎在哪里？老公呢？从来没看到出镜哦,23
隔着屏幕就能感受到上新 我真的不想生啊！,20
首先，正常的生殖现象，生育就是这样的，其次，会恢复原样的,28
直接劝退，不婚不育,9
我老婆二胎生了都没有,10
pua男的，那女的如果提离婚呢？,16
自己不想生为什么不自己去做？,14
不想生孩子为啥不自己结扎,12
她不想生孩子，为什么不自己去做绝育呢？即便换男朋友，也一劳永,30
笑死我了不想生孩子自己结扎不就行了，xxn是这样的,25
应该是故意坑男孩儿吧 。 不生育也不需要绝育呀,23
那你不想生你去做啊！！！,12
女的不想生你做输卵管结扎啊，让男的做？,19
不想生孩子？你自己去绝育啊！,14
现实丁克？不存在的,9
事情是真的，但有一部分造谣。离婚理由自行搜索男方发言,26
那你不想生可以上环啊,10
唐哥～我要离婚,7
先把蛋噶了，想生再装上去，完美,15
这边建议养已经没有生育功能的老猫呢,17
生育行吗，你们哥俩,9
原来当时说的是生育行吗，哦，懂了doge,20
生育行啊，你们哥俩,9
保生育么？笑死,7
？？？未生育的小女孩带节育环？是我想的那个吗？这是为那啥女孩,30
我们不是有色人种，有色人种的说法本来就是歧视,22
我也梦到很多次高考，特别是出来就业之后（但我是女生）,26
从我嘴里出来可能就变成阴阳怪气了（。问就是原生家庭原因,27
你不想生你别生你管别人干啥,13
你不想生不代表别人不想生，别以己度人,18
着年头谁还生育？,8
我一胎和二胎都是一发就中,12
jojo我不做人拉，我要三胎,14
什么？90岁还能拼二胎？,12
这是准备离婚？？？？,10
那早离婚了,5
一个月一次，然后你离婚了。。。,15
那老婆要离婚的,7
也就是说，高龄排完精有安全期？,15
现在很多人都不想生孩子了,12
你们对胖子歧视什么啊,10
你男朋友不能生育的 你知道吗？,15
不想生就渣？这观点没谁了,12
歧视的各位，手动举报,10
"胚胎而已啊……本来就是丁克,当然选择打掉",20
人家不想生孩子管你们屁事,12
不知道弹幕哪来的优越感歧视别人,15
楼顶那个听过分的，不想生孩子就是渣？就算有了不是你的激动,28
我离婚了,4
久了很大可能丧失生育能力,12
生物学上生育确实排第一,11
遵循自然，你有条件想生了自然会生，没有条件自然不想生，这就是,30
生育和繁衍是人类作为种群的义务，不是个体的义务。,24
生育是荣誉,5
生育确实是人的义务，但人有权利拒绝履行义务,21
生育从义务变成能自由选择的权利不过是因为现代化剥夺了宗族对成,30
非洲生育率也在掉,8
说的好，所以社会应该提供人们的生育保障,19
生育又能生几次呢,8
色，性不等于生育吧,9
食色性也，生育非性也。动物无法区分两者，人可以区分。但有的人,30
但是动物也知道环境不合适生存的时候不生育,20
色色不等于生育（,8
从生育率看未来是本质主义的,13
如果生育是本质主义，三妻四妾好像才更正常,20
生育是人的义务人就没有权利拒绝履行义务，因为义务是人必须做的,30
繁衍是看群体的，总有人有条件生，没条件的自然不想生,25
生育是责任难道不是困在保守主义的观点吗？,20
生育不是责任 养育才是,11
这不是反证？不是女生学文科优势，而是学文科男性少，竞争小，古,30
我觉得要把星宇和生育欲分开来看好吧,17
男女竞争压力不一样，男性从小被灌输要自尊自强，所以更容易卷出,30
本质主义是啥？动物界都会有族群遇到问题时减少生育的，动物没他,30
不是不想生，是生不起,10
但是生育欲也只是一种欲望而已,14
我都不选择婚姻了，又怎么会选择生育,17
为什么文科被歧视呢,9
母权制的根本原因是生育能力吧，生育能够带来能抢大的劳动力,28
要是没有死亡，生育就完全失去了意义,17
绝大多数人不愿意接受事实——尽管文科受辱无保障被歧视，女生就,30
动物都知道环境不适宜不生育,13
粉红到生育就不跟随主子了，属实是我真有一头牛了,23
《我的原生家庭》,8
哺乳动物中普遍雄性更强，昆虫中普遍雌性更强，这是由生育机制决,30
那这样以后是否男性在生育中会占据更全面的主导地位，毕竟精子的,30
这一点说实话不太对，在古代人们还是很喜欢生育过的女性的,27
前面那个男护士比女护士好就业,14
所以呢？雄性通过打架，进行交配权，所以雌性要考虑生育后的后果,30
要靠脑子！女性更矫健，更有脑力，所以就会获得更多就业机会，但,30
中国男性向外求偶大概率也是找东南亚女性，本质也是竞争过了当地,30
那我作为男性可太支持了，终于可以摆脱女人的性勒索和生育勒索了,30
整一条逻辑链哪里被摧毁了？男性内部的竞争难道只有体力上的竞争,30
亚洲人不被歧视？亚洲人不是靠事实证明了？,20
那还不是你们祖上就没竞争过别人导致的,18
这一点其实是有文献支持队伍，费老的生育制度里面提过,25
你不会离婚吗,6
同性恋和丁克联盟起来哈哈哈哈,14
去除生育意义上的精子提供者和卵细胞提供者之后，性别确实不是必,30
画魂中的潘玉良就是因为喝了药无法生育,18
想动，但不想生孩子,9
我的舅姥姥就是因为我舅姥爷出轨，然后她忍住不离婚，乳腺癌了,29
所以女孩子们不婚不育就少生气了呀,16
总结 不婚不育屁事没有,11
年轻未生育女性和体重低的女性才会致密,18
不婚不育也得加班啊,9
女性掌握生育权，同时面对巨大生育风险（包括流产,23
怎么推广，现在各种催生的，还要大家赶紧都三胎。,23
不懂戴套是会怎么影响体验，这个过程的体验本来就是为了生育，动,30
在没有生育需求或者已经完成的情况下更适合选择男性结扎,26
有可能复通失败的，想生孩子的还是有风险的,20
因为男人要为自己留后路啊，想着说不定哪天离婚了再找个小老婆生,30
我1.02 自然生了二胎,12
我是生二胎剖腹的时候一起结扎了,15
谁不想生孩子，谁结扎,10
谁不想生孩子，谁结扎,10
谁不想生就谁结扎,8
博士离婚了？,6
有，不光有，还要生三胎Doge,15
说明大家在努力生三胎，应该全民发奖金,18
出现了离婚潮 也差不多,11
生不起，养不起，多少人断供，直接离婚？！太特么现实了，大难临,30
矛盾和摩擦变多了，封城结束离婚排队,17
已经离婚了,5
在家吵架离婚了,7
不是解封就出现离婚潮了？,12
没离婚就不错了,7
离婚率上涨就是原因,9
响应号召生三胎，用什么套啊是吧？！,17
小别胜离婚,5
好多夫妻忍过疫情后直接离婚了,14
结婚率低了，离婚率高了呗,12
疫情期间会出轨离婚,9
生育率低了，能用套子的人都老了,15
上海离婚率飙升说明一切,11
哈哈只有办离婚的多了,10
没失业的整天在家担心失业与家庭琐碎，失业在家里的整天愁于找工,30
要是有钱的话谁不想谁回谁不想生娃主要问题还是没有钱,25
老人家可以考虑三胎啊,10
不是不想生，成本太高,10
三胎来了,4
结婚不能决定，离婚就能了?咋变的？,17
你不想怀别嫁给他啊，人家要孩子呢！不想生别耽误大家,25
这个是女的被逼嫁给他的，想离婚都离不了,19
所以不婚前有个屁用，改得还得得,15
怕歧视患者，所以制造更多患者，再次特色,19
国家的意思是，所有人都感染了，就不会有人歧视,22
阿姨们太惨了，赶紧离婚啊！,13
并不恐惧，只是单纯的歧视而已,14
不就是男生恨男生，是竞争关系,14
对降低生育率起到了重大作用,13
我觉得这样做很好 生育率可以遥遥领先了,19
那时人们不是要多生育吗，怎么会这么费力去避孕？,23
大二暑假就搬走了，宁愿承受经济压力也要自救,21
纳入是生育行为,7
资本考虑的是三胎了,9
其实纳入式根本不是女性的快乐方式，女人本不需要在不想生育的时,30
这也内卷？？？,7
职业歧视,4
女就是生育工具那弹幕你要不就是贴吧玩多了要不就是没姆,26
所以 在美国，生理女性才是真正的生育工具,20
回答yes no越多越不好混。可能要失业。死活不回答。就算是,30
？？？不是，女人一旦怀孕了她就不是人了而是生育机器了吗？所有,30
亚洲现在的生育率好像还不如欧美高,16
咋，搞歧视吗,6
国家帮你生二胎,7
国家帮你生二胎好评,9
都14亿，下一代没收生育权,13
其实不少动物失误生育能力也就快死了。。。,20
为了促进生育吧？,8
日本生育率太低，所以早怀早婚，,15
然后生育率又低，那就只有一个可能，处男太多了,22
日本少子化啊，鼓励生育才是对的,15
现在提倡二胎.....,11
丁克一族可以用,7
友情提示：别用社区发的！别问我怎么知道，我的二胎就是这么来的,30
我不信百分之百，这都没排除那些无法生育的可能性,23
这都是年轻人不想生孩子的地方,14
换个角度看其实是大家都想生孩子了，赢,18
大家都想生了 赢,8
前面的是在说啥，年轻人都被内卷逼得活不下来了还是好事情？,28
是不婚不育了,6
肯定还有人说因为开放二胎了,13
只是对九九六麻木了加上疫情不加班有得是人加，不加就失业,27
中国女孩，结婚以后，为了孩子不离婚的太多了，你们不管家庭暴力,30
离婚多了,4
想出生育贷的人，脑回路清奇！,14
生育是人的最基本欲望,10
人少了，就业机会只会更少,12
住的地方一生积蓄都买不起，还敢谈生育？,19
还在要年轻人内卷,8
说反了，年纪越大越快失业,12
计划生育？？？？,8
用的少的地方生育率就高，相对经济也差,18
结果有效期2月，然后中了，提高生育率是吧,20
前面的，妇女不代表生育；是对14岁以上女性的统称！,25
突然想到，杜绝避孕套，生育率不就上来了吗,20
这关生育率什么事，现在的一些人不懂得避孕，未满十八就怀孕了，,30
不是针对某一群体，而是物质基础好的伴侣对于生育顾虑更少。毕竟,30
做性教育的老师都失业了,11
计划生育宣传员,7
然后又出轨，离婚,8
然后没多久又离婚了,9
这些就是女权主义者的理想生活,14
这些也没有是不是可以离婚了,13
专家:鼓励生育，你要什么套子啊你！,17
已经开始促进生育了,9
三胎天使,4
不是你要提高生育吗,9
生育率低，也挺好，可以缓解中国人口过剩，就是那个老龄化,27
帮助国家提振生育,8
《提高生育率》,7
三胎专家派来的,7
《鼓励生育》,6
这天使...我有个提高生育率的好主意（滑稽）,22
职业培训没有过关但买到了就业许可的屑天使,20
一己之力拉高生育率的孩子,12
我过得生育率也不差呀真要管不应该去韩国吗？？？,23
看看国内视频内卷的多厉害，这玩意都还是测试了,22
结扎应得到提倡 也可以防止丁克反悔,17
才部分，其他人呢，偷偷搞内卷是吧,16
日本这个生育率看来是完蛋了,13
东亚三国手牵手，谁不内卷谁是狗,15
结婚真的很累 结婚干嘛 降低自己生活质量,20
棍根结底还是人口太多，内卷太严重,16
偷偷内卷,4
还有内卷呢，你咋不说,10
日本生育率比中国高,9
中国就业率在低一点儿，也成为日本了,17
避育套卖不动不是说明大家想生育了吗,17
兄弟，大学生都烂大街了，问题是就业都解决不了，根本就是社会和,30
基本这个原因离婚很正常,11
上演？说的好像我们适龄生育数量高过日本了一样,22
话说鼓励3胎的，但是到时候有准备这么多就业岗位吗,24
持续减少12年生育率也比我们高,15
内卷,2
绝大部分都是直接不婚,10
中国离婚率这么高怎么敢结婚，我没有那么多钱也没有让人喜欢一辈,30
有没有可能，10年本科就行，20年得硕士，解决不了就业就鼓励,30
结婚降低我的生活质量，还不如不结婚,17
现在开发商房子摆烂，竞争力严重虚弱。需要年轻人掏钱买房。,28
所以国内开放三胎,8
国内离婚率那么高,8
大家快少生呀，没那么多人，就没那么多竞争,20
阿婆主别太悲观，结婚率降了离婚率起来了嘛～,21
人口少了，每个人自己的竞争力不就变强了吗？,21
就是因为人口太多太密集太内卷，所以年轻人才低欲望,24
然而日本是中日韩里生育率最高的,15
其中大部分都是二胎,9
然后捏，这么多年泡沫房价管都不管，就出台了个开放二胎,26
这不是摆烂 只是想生存下去,13
要是生育率变低真的像你们说的那么好，国家比你们专业多了为什么,30
人少=需求量少=公司破产=失业或者降薪，人少就给你涨工资的太,30
挺好的啊，这样未来孩子们的竞争就可以少一点了,22
我学生物的，我知道生物在极端恶劣的环境下会停止生育，人类逃不,30
费钱还担惊受怕 他长大了又要去内卷。何必啊,21
韩国还不如日本，都当了几年的生育率“冠军”了,22
本来人口总量就太多了，少一点岂不美哉，少一点竞争压力,26
国家竞争力大和我有关系？到时候我也该烧完了,21
古希腊掌管生育的神,9
这下好了，不仅没有办法，正常的生育了，同时也尿尿尿不出来，跟,30
美国为了生育率简直拼了,11
雄性竞争如此激烈，正因如此，男性之间的友谊才显得更加深厚可贵,30
这个已经离婚了,7
结扎了终身就没生育能力了,12
盲猜一手，这个举报的可能是竞争对手（doge）,23
那都不要戴有色眼镜了避孕套怎么就开始被歧视了捏,23
降低生育的罪魁祸首之一,11
在生育方面女性做任何一个手术都比这个创伤大的多得多,25
扎一边你图啥呢。都做这手术了，明显是不想生育啊。,24
已经生过孩子不想生了做这个手术挺好的,18
好，接着第三胎来了算谁的。,13
不想结婚也不想生育,9
+1 已婚5年，不想生育，有想过领养,18
中国领养条件就是除非你不能生育,15
想生孩子的年轻姐妹要多考虑啊！！！,17
会影响将来生育吗,8
肯定影响生育的,7
如果一直吃避孕药不会影响生育就是常用药了。,21
会影响生育最好，多了一个不生孩子的理由,19
不会影响生育的,7
跟割掉有什么区别呢，不能生育就是多余的,19
