Topic,Count,Name,Representation,Representative_Docs,Data_Source
-1,4062,-1_ps_然后再离婚代价可就太大了 爱情的三要素之一就是激情_爱情的三要素之一就是激情_你不发生那你就不怕婚后才发现老公功能根本不行 然后再离婚代价可就太大了,"['ps', '然后再离婚代价可就太大了 爱情的三要素之一就是激情', '爱情的三要素之一就是激情', '你不发生那你就不怕婚后才发现老公功能根本不行 然后再离婚代价可就太大了', '你不发生那你就不怕婚后才发现老公功能根本不行', '然后再离婚代价可就太大了', '你不发生那你就不怕婚后才发现老公功能根本不行 然后再离婚代价可就太大了 爱情的三要素之一就是激情', '还有', '是的', '爱情的三要素之一就是激情 你不发生那你就不怕婚后才发现老公功能根本不行 然后再离婚代价可就太大了']","['停经可能是卵巢多囊，卵巢多囊会导致肥胖，多毛和不孕。换一种说法多囊，肥胖，停经，多毛和不孕是伴生品。所以在乎身材外貌和有生育计划的会去治疗。', '停经可能是卵巢多囊，卵巢多囊会导致肥胖，多毛和不孕。换一种说法多囊，肥胖，停经，多毛和不孕是伴生品。所以在乎身材外貌和有生育计划的会去治疗。', '宁拆十座庙，不毁一桩婚。怎么想的呀，劝别人离婚。医院出具的报告，有相当大的权威性。丈夫怀疑无可厚非。']",replies
0,395,0_所以_首先_生育权_其次,"['所以', '首先', '生育权', '其次', '失业率 通胀甚至是大滞涨明明已经发生了', '通胀甚至是大滞涨明明已经发生了', '看似是联邦和州矛盾', '看似是联邦和州矛盾 实际上引爆堕胎话题之后还有多少人关注新冠', '看似是联邦和州矛盾 实际上引爆堕胎话题之后还有多少人关注新冠 失业率', '失业率']","['比如在这里一个女性不想生育但是家里人硬要生，男的可能在避孕措施上做手脚，家里人也会千方百计阻止女性堕胎，报警可能警方说家务事不管，但在那里就可以打官司，用法律来维护自己的权益，更有保障。我是这样理解的，我觉得很好。', '确实，我认同你所说的。人类不应该有支配人类生命的权利。 父母不能决定剥夺胎儿的生命，这是侵犯他人生命权的体现。同样的，胎儿也不应该去自私的索取母体的营养，他的成长与出生会给母体带来健康上的损害，生理的不适，甚至生命的流逝，严重侵犯了母体的生命健康权。 所以，人类不应该拥有生育能力，随意的创造生命，又毁灭生命。胎儿知道自己出现，应该自觉的脱落，而不是为了自身的成长，满足自身的需求，就不负责任的向母体索取营养，寄生在母体体内。', '确实，我认同你所说的。人类不应该有支配人类生命的权利。 父母不能决定剥夺胎儿的生命，这是侵犯他人生命权的体现。同样的，胎儿也不应该去自私的索取母体的营养，他的成长与出生会给母体带来健康上的损害，生理的不适，甚至生命的流逝，严重侵犯了母体的生命健康权。 所以，人类不应该拥有生育能力，随意的创造生命，又毁灭生命。胎儿知道自己出现，应该自觉的脱落，而不是为了自身的成长，满足自身的需求，就不负责任的向母体索取营养，寄生在母体体内。']",replies
1,295,1_丈夫不得以其享有生育权为由强迫妻子生育_如果妻子不愿意生育 丈夫不得以其享有生育权为由强迫妻子生育 如果夫妻在生育问题上的意见分歧最终无法协调_如果妻子不愿意生育 丈夫不得以其享有生育权为由强迫妻子生育_如果妻子不愿意生育,"['丈夫不得以其享有生育权为由强迫妻子生育', '如果妻子不愿意生育 丈夫不得以其享有生育权为由强迫妻子生育 如果夫妻在生育问题上的意见分歧最终无法协调', '如果妻子不愿意生育 丈夫不得以其享有生育权为由强迫妻子生育', '如果妻子不愿意生育', '如果夫妻在生育问题上的意见分歧最终无法协调 致使婚姻关系难以维系的 离婚是解决双方争议的合理途径', '如果夫妻在生育问题上的意见分歧最终无法协调 致使婚姻关系难以维系的', '如果夫妻在生育问题上的意见分歧最终无法协调', '女方拥有最终的生育决定权 这是为了保护妇女在生育问题上的自主权利 不受丈夫意志的左右', '女方拥有最终的生育决定权 这是为了保护妇女在生育问题上的自主权利', '女方拥有最终的生育决定权']","['唉，我似乎发过了一遍“以及，我可从没说生育权是由女性垄断的哦。法律上规定，夫妻双方都享有生育权，但在女方怀孕后，女方拥有最终的生育决定权。这是为了保护妇女在生育问题上的自主权利，不受丈夫意志的左右。如果妻子不愿意生育，丈夫不得以其享有生育权为由强迫妻子生育。如果夫妻在生育问题上的意见分歧最终无法协调，致使婚姻关系难以维系的，离婚是解决双方争议的合理途径。但评论区一大堆人认为生育权是由男性垄断的呢亲。”““两方约定结婚开始备孕，而女方欺骗男方避孕，这行为是不诚信的需要受到谴责。”和“我买来的工具居然不生，造大反了”你觉得评论区普遍是在说哪个呢亲”这两段话吧。哇哦，连自己的母语都不如一个非母语者的你真的好棒棒哦。你要这么想是你的自由呀。需要我给你小红花吗亲～', '我似乎发过了一遍我对视频内容的观点，“两方约定结婚开始备孕，而女方欺骗男方避孕，这行为是不诚信的需要受到谴责。”“法律上规定，夫妻双方都享有生育权，但在女方怀孕后，女方拥有最终的生育决定权。这是为了保护妇女在生育问题上的自主权利，不受丈夫意志的左右。如果妻子不愿意生育，丈夫不得以其享有生育权为由强迫妻子生育。如果夫妻在生育问题上的意见分歧最终无法协调，致使婚姻关系难以维系的，离婚是解决双方争议的合理途径。”我在一楼讨论的是「评论区一大堆人在愤怒“我买来的工具居然不生，造大反了”」但愿你有眼睛。', '我似乎发过了一遍我对视频内容的观点，“两方约定结婚开始备孕，而女方欺骗男方避孕，这行为是不诚信的需要受到谴责。”“法律上规定，夫妻双方都享有生育权，但在女方怀孕后，女方拥有最终的生育决定权。这是为了保护妇女在生育问题上的自主权利，不受丈夫意志的左右。如果妻子不愿意生育，丈夫不得以其享有生育权为由强迫妻子生育。如果夫妻在生育问题上的意见分歧最终无法协调，致使婚姻关系难以维系的，离婚是解决双方争议的合理途径。”我在一楼讨论的是「评论区一大堆人在愤怒“我买来的工具居然不生，造大反了”」但愿你有眼睛。']",replies
2,271,2_还插一嘴 有个知乎老哥就这样被完了 一开始他媳妇说想要丁克_几年以后他媳妇又想要了_知道他不能生后_于是他就去结扎 几年以后他媳妇又想要了 知道他不能生后,"['还插一嘴 有个知乎老哥就这样被完了 一开始他媳妇说想要丁克', '几年以后他媳妇又想要了', '知道他不能生后', '于是他就去结扎 几年以后他媳妇又想要了 知道他不能生后', '于是他就去结扎 几年以后他媳妇又想要了', '于是他就去结扎', '知道他不能生后 就离婚了', '还插一嘴', '还插一嘴 有个知乎老哥就这样被完了', '几年以后他媳妇又想要了 知道他不能生后']","['还插一嘴，有个知乎老哥就这样被完了。一开始他媳妇说想要丁克，于是他就去结扎。几年以后他媳妇又想要了，知道他不能生后，就离婚了。', '还插一嘴，有个知乎老哥就这样被完了。一开始他媳妇说想要丁克，于是他就去结扎。几年以后他媳妇又想要了，知道他不能生后，就离婚了。', '还插一嘴，有个知乎老哥就这样被完了。一开始他媳妇说想要丁克，于是他就去结扎。几年以后他媳妇又想要了，知道他不能生后，就离婚了。']",replies
3,220,3_你敢想象我俩同事的俩孩子相差只有一岁吗怎么来的二胎_二胎双胞胎不算超生_不是二胎_计划生育,"['你敢想象我俩同事的俩孩子相差只有一岁吗怎么来的二胎', '二胎双胞胎不算超生', '不是二胎', '计划生育', '我是二胎 家里同辈里就两个女孩子 我们家硬是走了好多关系才把我生下来', '我妈娘家那时候有人怀了二胎会被zf强行拉去打掉的也不少 很多人都东躲西藏的', '我妈娘家那时候有人怀了二胎会被zf强行拉去打掉的也不少 很多人都东躲西藏的 家里头胎是男孩的就不给在生的', '我是二胎 家里同辈里就两个女孩子', '鸽蛋视频我都收藏了 晚点儿发给他', '我爸妈70后我今年二十出头']","['这个不清楚 应该没有 我准备这个生下来 看看要不要二胎 不要二胎就准备让我老公去鸽蛋了 鸽蛋视频我都收藏了 晚点儿发给他 给他瞅瞅', '计划生育，我们这90年还是算农村，生育很多都是zf强制的。我妈娘家那时候有人怀了二胎会被zf强行拉去打掉的也不少，很多人都东躲西藏的。家里头胎是男孩的就不给在生的，被拉去上环的也很多。我是二胎，家里同辈里就两个女孩子，我们家硬是走了好多关系才把我生下来。生我的时候我家罚了好几千，在91年已经是天价了……我周围同龄的有兄弟姐妹的没几个，大多数都是独生（某种意义上的独生）', '计划生育，我们这90年还是算农村，生育很多都是zf强制的。我妈娘家那时候有人怀了二胎会被zf强行拉去打掉的也不少，很多人都东躲西藏的。家里头胎是男孩的就不给在生的，被拉去上环的也很多。我是二胎，家里同辈里就两个女孩子，我们家硬是走了好多关系才把我生下来。生我的时候我家罚了好几千，在91年已经是天价了……我周围同龄的有兄弟姐妹的没几个，大多数都是独生（某种意义上的独生）']",replies
4,198,4_男性结扎后_结扎_不论男女_打个比方 一对夫妻的孩子小时候夭折了 还想再生一个,"['男性结扎后', '结扎', '不论男女', '打个比方 一对夫妻的孩子小时候夭折了 还想再生一个', '打个比方 一对夫妻的孩子小时候夭折了', '所以需要到有资质的医院 由专业的医生来进行完成输精管吻合手术', '成功率还是比较低的 尤其是那些结扎时间长的大龄备孕者', '成功率还是比较低的 尤其是那些结扎时间长的大龄备孕者 往往预后不理想', '有效期五年', '成功率还是比较低的']","['好像因为男性结扎是不可逆的，打个比方，一对夫妻的孩子小时候夭折了，还想再生一个，如果是男的结扎就没办法了，当时八十年代开始的计划生育政策，都没有试管婴儿技术呢。如果是女性节育，就可以通过取环的方式，然后重新受孕，等于是有个容错率。', '好像因为男性结扎是不可逆的，打个比方，一对夫妻的孩子小时候夭折了，还想再生一个，如果是男的结扎就没办法了，当时八十年代开始的计划生育政策，都没有试管婴儿技术呢。如果是女性节育，就可以通过取环的方式，然后重新受孕，等于是有个容错率。', '复制给你：男性结扎手术后能够恢复正常的生育能力，但是需要通过手术的方法来完成生育能力的恢复。需要将两侧结扎的输精管在显微镜下进行端端吻合，恢复输精管通畅性，男性就可以恢复正常的生育能力。 男性的结扎手术是一种可逆的手术，如果患者有生育要求可以通过再次手术的方式来恢复男性的生育能力。目前随着显微技术的进一步进展，可以由传统的直接吻合改为显微镜下吻合，在显微镜下能够清晰的显示输精管道管腔，做到多点吻合同时可以做到断端的吻合，避免吻合后再次发生狭窄。 但是手术相对比较精巧，对技术要求相对比较高，所以需要到有资质的医院，由专业的医生来进行完成输精管吻合手术。输精管吻合后则通畅性恢复，精液就可以通过输精管射出体外来达到恢复生育能力的目的。 （百度百科）']",replies
5,132,5_我小舅妈_我妈说他们夫妻俩孩子太密_然后高龄产妇 剖腹产 半夜羊水破_然后高龄产妇 剖腹产,"['我小舅妈', '我妈说他们夫妻俩孩子太密', '然后高龄产妇 剖腹产 半夜羊水破', '然后高龄产妇 剖腹产', '然后高龄产妇', '我妈说他们夫妻俩孩子太密 还有我另一个小舅妈', '我小舅妈 三年俩娃 我妈说他们夫妻俩孩子太密', '我小舅妈 三年俩娃', '我妈说他们夫妻俩孩子太密 还有我另一个小舅妈 在我小妹三四岁的时候就流了好几个', '早产儿']","['是的，我初三的时候妈妈怀孕，本来想生下来，但是胎停了，只能流掉', '我小舅妈，三年俩娃，我妈说他们夫妻俩孩子太密。还有我另一个小舅妈，在我小妹三四岁的时候就流了好几个，可是又在我小妹初三的时候怀了二胎，因为那个时候年纪也大了一些就没舍得打胎，然后高龄产妇，剖腹产，半夜羊水破，早产儿', '我小舅妈，三年俩娃，我妈说他们夫妻俩孩子太密。还有我另一个小舅妈，在我小妹三四岁的时候就流了好几个，可是又在我小妹初三的时候怀了二胎，因为那个时候年纪也大了一些就没舍得打胎，然后高龄产妇，剖腹产，半夜羊水破，早产儿']",replies
6,124,6_我独生女 我出房出车 彩礼也要_接受丁克 但是如果生育 孩子无论几胎都必须跟我姓_数目随意_我独生女 我出房出车,"['我独生女 我出房出车 彩礼也要', '接受丁克 但是如果生育 孩子无论几胎都必须跟我姓', '数目随意', '我独生女 我出房出车', '我独生女', '我出房出车 彩礼也要 数目随意', '我出房出车 彩礼也要', '我出房出车', '我个人是另外一种模式 我独生女 我出房出车', '我个人是另外一种模式 我独生女']","['当然，也有两头婚的情况。以下是我前边的回复。【有没有考虑过健康的关系下，彩礼和嫁妆一同带到男方女方共同组成的新家，当做启动资金，添置一些家用，旅游啥的。这种家庭，孩子也可以随母姓。彩礼，嫁妆，其实本质就是长辈给晚辈的红包，有实际作用和存在意义。我是女性，我一定要彩礼，我家也会出相应的钱一起带来，小城市一般都九万九，六万六这样。我也同样反对天价彩礼。】这种情况下，一般生俩，一个跟父一个跟母。而你要明白，男性彩礼是在有婚前实质后算作赠与，而女方则承担生育责任和风险，生个娃不是那么容易的。双方分工不同，各吃各的亏乖。', '我个人是另外一种模式，我独生女，我出房出车，彩礼也要，数目随意，嫁妆回一样的，都带到新家。接受丁克，但是如果生育，孩子无论几胎都必须跟我姓。', '我个人是另外一种模式，我独生女，我出房出车，彩礼也要，数目随意，嫁妆回一样的，都带到新家。接受丁克，但是如果生育，孩子无论几胎都必须跟我姓。']",replies
7,121,7_现在还凑合过呢_现在还凑合过呢 他俩都多少年分局了_我小时候父母就闹离婚 现在还凑合过呢 他俩都多少年分局了_我觉得现在抑郁的孩子越来越多和家长教育理念教育方式都有很大关系,"['现在还凑合过呢', '现在还凑合过呢 他俩都多少年分局了', '我小时候父母就闹离婚 现在还凑合过呢 他俩都多少年分局了', '我觉得现在抑郁的孩子越来越多和家长教育理念教育方式都有很大关系', '我小时候父母就闹离婚', '我小时候父母就闹离婚 现在还凑合过呢', '心理上的', '我觉得现在抑郁的孩子越来越多和家长教育理念教育方式都有很大关系 也和原生家庭氛围有关系', '原生家庭', '谢谢你']","['我小时候父母就闹离婚，现在还凑合过呢，他俩都多少年分局了', '我小时候父母就闹离婚，现在还凑合过呢，他俩都多少年分局了', '可能因为家庭方面。我父母算是离婚了，她父母老年得子，3女一男，重男轻女。现在回想起来，我们都想着寻求，爱这个东西吧？谈了2个月，每天都qq聊天到很晚，越深入越觉得，当时的我给不了她任何东西。而且她有点极端，你敢相信13岁的6年级女生割手腕吗？我怕了，胆怯了，我不管说出来。一切都让她承受了，我觉得对不起她，配不上她，更保护不了她，我单方面分手了。为了备战中考，手机被收了，3个月没有联系。这段时间可能因为冷静下来，我对于她感情淡了下来。']",replies
8,119,8_都把婚姻生孩子描绘的很美好_以前那些长辈怕女孩不结婚怕生孩子_以前那些长辈怕女孩不结婚怕生孩子 都把婚姻生孩子描绘的很美好 就怕了解清楚女孩就不想生娃结婚了_以前那些长辈怕女孩不结婚怕生孩子 都把婚姻生孩子描绘的很美好,"['都把婚姻生孩子描绘的很美好', '以前那些长辈怕女孩不结婚怕生孩子', '以前那些长辈怕女孩不结婚怕生孩子 都把婚姻生孩子描绘的很美好 就怕了解清楚女孩就不想生娃结婚了', '以前那些长辈怕女孩不结婚怕生孩子 都把婚姻生孩子描绘的很美好', '哄女孩子生孩子的 以前那些长辈怕女孩不结婚怕生孩子', '哄女孩子生孩子的', '哄女孩子生孩子的 以前那些长辈怕女孩不结婚怕生孩子 都把婚姻生孩子描绘的很美好', '就怕了解清楚女孩就不想生娃结婚了', '都把婚姻生孩子描绘的很美好 就怕了解清楚女孩就不想生娃结婚了', '就怕了解清楚女孩就不想生娃结婚了 哄女孩子生孩子的 以前那些长辈怕女孩不结婚怕生孩子']","['哄女孩子生孩子的，以前那些长辈怕女孩不结婚怕生孩子，都把婚姻生孩子描绘的很美好，就怕了解清楚女孩就不想生娃结婚了', '哄女孩子生孩子的，以前那些长辈怕女孩不结婚怕生孩子，都把婚姻生孩子描绘的很美好，就怕了解清楚女孩就不想生娃结婚了', '哄女孩子生孩子的，以前那些长辈怕女孩不结婚怕生孩子，都把婚姻生孩子描绘的很美好，就怕了解清楚女孩就不想生娃结婚了']",replies
9,105,9_挺好的 最起码让那些觉得生孩子的疼痛女生就应该承受的男的体验一下_一楼某些言论根本不是想改善生育风险和痛苦_一楼某些言论根本不是想改善生育风险和痛苦 目的只是让另一部分群体 受罪_一楼某些言论根本不是想改善生育风险和痛苦 目的只是让另一部分群体,"['挺好的 最起码让那些觉得生孩子的疼痛女生就应该承受的男的体验一下', '一楼某些言论根本不是想改善生育风险和痛苦', '一楼某些言论根本不是想改善生育风险和痛苦 目的只是让另一部分群体 受罪', '一楼某些言论根本不是想改善生育风险和痛苦 目的只是让另一部分群体', '最起码让那些觉得生孩子的疼痛女生就应该承受的男的体验一下', '想让其他人生孩子的时候 视频里说的腹腔妊娠的巨大危害根本不考虑 说到共同努力实现体外妊娠的时候开始说取卵多受罪了', '想让其他人生孩子的时候 视频里说的腹腔妊娠的巨大危害根本不考虑', '最起码让那些觉得生孩子的疼痛女生就应该承受的男的体验一下 让他们理解一下 是不是就他们上下两张皮说的那么简单', '最起码让那些觉得生孩子的疼痛女生就应该承受的男的体验一下 让他们理解一下', '我觉得那种可以模拟女性生育痛苦的那个机器 挺好的 最起码让那些觉得生孩子的疼痛女生就应该承受的男的体验一下']","['一楼某些言论根本不是想改善生育风险和痛苦，目的只是让另一部分群体“受罪”，想让其他人生孩子的时候，视频里说的腹腔妊娠的巨大危害根本不考虑，说到共同努力实现体外妊娠的时候开始说取卵多受罪了，分流ETC是吧，双标抬杠捏', '我觉得那种可以模拟女性生育痛苦的那个机器，挺好的，最起码让那些觉得生孩子的疼痛女生就应该承受的男的体验一下，让他们理解一下，是不是就他们上下两张皮说的那么简单！', '我觉得那种可以模拟女性生育痛苦的那个机器，挺好的，最起码让那些觉得生孩子的疼痛女生就应该承受的男的体验一下，让他们理解一下，是不是就他们上下两张皮说的那么简单！']",replies
10,93,10_能不能看完评论了再评论_就算复通成功了生育几率也会下降 而且复通手术加上恢复阶段小1万块钱_就算复通成功了生育几率也会下降_男性结扎不说复通几率大小 就算复通成功了生育几率也会下降 而且复通手术加上恢复阶段小1万块钱,"['能不能看完评论了再评论', '就算复通成功了生育几率也会下降 而且复通手术加上恢复阶段小1万块钱', '就算复通成功了生育几率也会下降', '男性结扎不说复通几率大小 就算复通成功了生育几率也会下降 而且复通手术加上恢复阶段小1万块钱', '男性结扎不说复通几率大小', '压根不管事情的经过 也不看完评论的内容 不回复了', '压根不管事情的经过 也不看完评论的内容', '压根不管事情的经过', '而且复通手术加上恢复阶段小1万块钱', '而且复通手术加上恢复阶段小1万块钱 这确实不比用药用套来的实用']","['我服了啊，能不能看完评论了再评论，我说了用药前去医院询问意见，而且我是回复那个不用药不用套让男性结扎来避孕的好吗？你们这些人怎么分不清避孕和绝育啊。而且相比男性结扎的后续问题确实用套用药都比男性结扎后果来的小，男性结扎不说复通几率大小，就算复通成功了生育几率也会下降，而且复通手术加上恢复阶段小1万块钱，这确实不比用药用套来的实用。你们只是想发泄看完视频后的情绪而已，压根不管事情的经过，也不看完评论的内容。不回复了！', '我服了啊，能不能看完评论了再评论，我说了用药前去医院询问意见，而且我是回复那个不用药不用套让男性结扎来避孕的好吗？你们这些人怎么分不清避孕和绝育啊。而且相比男性结扎的后续问题确实用套用药都比男性结扎后果来的小，男性结扎不说复通几率大小，就算复通成功了生育几率也会下降，而且复通手术加上恢复阶段小1万块钱，这确实不比用药用套来的实用。你们只是想发泄看完视频后的情绪而已，压根不管事情的经过，也不看完评论的内容。不回复了！', '我服了啊，能不能看完评论了再评论，我说了用药前去医院询问意见，而且我是回复那个不用药不用套让男性结扎来避孕的好吗？你们这些人怎么分不清避孕和绝育啊。而且相比男性结扎的后续问题确实用套用药都比男性结扎后果来的小，男性结扎不说复通几率大小，就算复通成功了生育几率也会下降，而且复通手术加上恢复阶段小1万块钱，这确实不比用药用套来的实用。你们只是想发泄看完视频后的情绪而已，压根不管事情的经过，也不看完评论的内容。不回复了！']",replies
11,92,11_我管他谁的伤害大呢 你不想生你给自己结扎带环_有对力的必要 你俩连生不生都做不了一致意见还过什么大劲_有对力的必要_我管他谁的伤害大呢 你不想生你给自己结扎带环 俩人意见不和就离婚呗,"['我管他谁的伤害大呢 你不想生你给自己结扎带环', '有对力的必要 你俩连生不生都做不了一致意见还过什么大劲', '有对力的必要', '我管他谁的伤害大呢 你不想生你给自己结扎带环 俩人意见不和就离婚呗', '我管他谁的伤害大呢', '及时止损', '明白了', '很真实', '不可能', '我妈']","['及时止损 如果硬着头皮上 离婚损失更大 我的同事仔都有两个了 都还问离婚 离谱的是 女方不要孩子 意图可见', '谁不想生谁上呗，我管他谁的伤害大呢？你不想生你给自己结扎带环，俩人意见不和就离婚呗，跟着吵什么男女对立，有对力的必要？你俩连生不生都做不了一致意见还过什么大劲', '谁不想生谁上呗，我管他谁的伤害大呢？你不想生你给自己结扎带环，俩人意见不和就离婚呗，跟着吵什么男女对立，有对力的必要？你俩连生不生都做不了一致意见还过什么大劲']",replies
12,87,12_万一工作期间任何缘由流胎小产_换了别的单位 让你多干点文职 整天坐着敲敲电脑打打电话_整天坐着敲敲电脑打打电话_整天坐着敲敲电脑打打电话 有什么力气活儿男同事代把手,"['万一工作期间任何缘由流胎小产', '换了别的单位 让你多干点文职 整天坐着敲敲电脑打打电话', '整天坐着敲敲电脑打打电话', '整天坐着敲敲电脑打打电话 有什么力气活儿男同事代把手', '整天坐着敲敲电脑打打电话 有什么力气活儿男同事代把手 单位也不用太计较', '明摆着就是幼教', '明摆着就是幼教 真有那么不懂事的孩子撞你一下 出了事谁负责', '有什么力气活儿男同事代把手', '有什么力气活儿男同事代把手 单位也不用太计较', '有什么力气活儿男同事代把手 单位也不用太计较 好的员工也不好找']","['我不相信这么说这么明白了还能有人不懂，光是怀孕产假发工资的事情就算了，换了别的单位，让你多干点文职，整天坐着敲敲电脑打打电话，有什么力气活儿男同事代把手，单位也不用太计较，好的员工也不好找。但是上一胎刚顺产前一个孩子才四个月大，肚子里又有了一个多月不到两个月的，真对大小两个孩子负责就在家安胎，实在有经济压力优先考虑对身体更好的职业比如居家办公，这机构墙上壁橱到处贴满了童画摆满了玩具，明摆着就是幼教，真有那么不懂事的孩子撞你一下，出了事谁负责？跟单位闹，单位委屈，跟肇事孩子的家长闹那公司也别开了。这视频就离谱，我看的是更完整版，本来负责人就没想说实情留个面子，这傻逼记者一个劲儿逼问才说了接连怀孕的内情，负责人也是中年女性，反过来给这男记者科普女性生育后半年内最好不要再怀孕，她当然知道这女生现在这情况很危险容易出事才决定解职的，真让你平平安安保好胎撑过老二也出来还算是万幸了，万一工作期间任何缘由流胎小产，小庙赔不起这大佛', '我不相信这么说这么明白了还能有人不懂，光是怀孕产假发工资的事情就算了，换了别的单位，让你多干点文职，整天坐着敲敲电脑打打电话，有什么力气活儿男同事代把手，单位也不用太计较，好的员工也不好找。但是上一胎刚顺产前一个孩子才四个月大，肚子里又有了一个多月不到两个月的，真对大小两个孩子负责就在家安胎，实在有经济压力优先考虑对身体更好的职业比如居家办公，这机构墙上壁橱到处贴满了童画摆满了玩具，明摆着就是幼教，真有那么不懂事的孩子撞你一下，出了事谁负责？跟单位闹，单位委屈，跟肇事孩子的家长闹那公司也别开了。这视频就离谱，我看的是更完整版，本来负责人就没想说实情留个面子，这傻逼记者一个劲儿逼问才说了接连怀孕的内情，负责人也是中年女性，反过来给这男记者科普女性生育后半年内最好不要再怀孕，她当然知道这女生现在这情况很危险容易出事才决定解职的，真让你平平安安保好胎撑过老二也出来还算是万幸了，万一工作期间任何缘由流胎小产，小庙赔不起这大佛', '我不相信这么说这么明白了还能有人不懂，光是怀孕产假发工资的事情就算了，换了别的单位，让你多干点文职，整天坐着敲敲电脑打打电话，有什么力气活儿男同事代把手，单位也不用太计较，好的员工也不好找。但是上一胎刚顺产前一个孩子才四个月大，肚子里又有了一个多月不到两个月的，真对大小两个孩子负责就在家安胎，实在有经济压力优先考虑对身体更好的职业比如居家办公，这机构墙上壁橱到处贴满了童画摆满了玩具，明摆着就是幼教，真有那么不懂事的孩子撞你一下，出了事谁负责？跟单位闹，单位委屈，跟肇事孩子的家长闹那公司也别开了。这视频就离谱，我看的是更完整版，本来负责人就没想说实情留个面子，这傻逼记者一个劲儿逼问才说了接连怀孕的内情，负责人也是中年女性，反过来给这男记者科普女性生育后半年内最好不要再怀孕，她当然知道这女生现在这情况很危险容易出事才决定解职的，真让你平平安安保好胎撑过老二也出来还算是万幸了，万一工作期间任何缘由流胎小产，小庙赔不起这大佛']",replies
13,85,13_黑人的生育率超过白人不假 但并不代表美国会变成黑人国家 最近十几年美国人生育率最高的是拉丁裔_人口增长得最快的也是拉丁裔_人口增长得最快的也是拉丁裔 大多数是墨西哥人_人口增长得最快的也是拉丁裔 大多数是墨西哥人 黑人的人口数量变化不大,"['黑人的生育率超过白人不假 但并不代表美国会变成黑人国家 最近十几年美国人生育率最高的是拉丁裔', '人口增长得最快的也是拉丁裔', '人口增长得最快的也是拉丁裔 大多数是墨西哥人', '人口增长得最快的也是拉丁裔 大多数是墨西哥人 黑人的人口数量变化不大', '但并不代表美国会变成黑人国家', '但并不代表美国会变成黑人国家 最近十几年美国人生育率最高的是拉丁裔', '但并不代表美国会变成黑人国家 最近十几年美国人生育率最高的是拉丁裔 人口增长得最快的也是拉丁裔', '大多数是墨西哥人', '大多数是墨西哥人 黑人的人口数量变化不大', '大多数是墨西哥人 黑人的人口数量变化不大 生育率也不高']","['麻烦说美国会变成黑人国家的人多了解好吗？这早就是谣言了，黑人的生育率超过白人不假，但并不代表美国会变成黑人国家，最近十几年美国人生育率最高的是拉丁裔，人口增长得最快的也是拉丁裔，大多数是墨西哥人，黑人的人口数量变化不大，生育率也不高，而白人是负增长', '麻烦说美国会变成黑人国家的人多了解好吗？这早就是谣言了，黑人的生育率超过白人不假，但并不代表美国会变成黑人国家，最近十几年美国人生育率最高的是拉丁裔，人口增长得最快的也是拉丁裔，大多数是墨西哥人，黑人的人口数量变化不大，生育率也不高，而白人是负增长', '麻烦说美国会变成黑人国家的人多了解好吗？这早就是谣言了，黑人的生育率超过白人不假，但并不代表美国会变成黑人国家，最近十几年美国人生育率最高的是拉丁裔，人口增长得最快的也是拉丁裔，大多数是墨西哥人，黑人的人口数量变化不大，生育率也不高，而白人是负增长']",replies
14,78,14_或者禁酒令啥的 我一直觉得北美的禁酒令很神奇_才会对这种事加以限制就像国内根本不会去讨论种族歧视_才会对这种事加以限制就像国内根本不会去讨论种族歧视 或者禁酒令啥的_才会对这种事加以限制就像国内根本不会去讨论种族歧视 或者禁酒令啥的 我一直觉得北美的禁酒令很神奇,"['或者禁酒令啥的 我一直觉得北美的禁酒令很神奇', '才会对这种事加以限制就像国内根本不会去讨论种族歧视', '才会对这种事加以限制就像国内根本不会去讨论种族歧视 或者禁酒令啥的', '才会对这种事加以限制就像国内根本不会去讨论种族歧视 或者禁酒令啥的 我一直觉得北美的禁酒令很神奇', '我一直觉得北美的禁酒令很神奇', '只有有问题的地方 才会对这种事加以限制就像国内根本不会去讨论种族歧视 或者禁酒令啥的', '只有有问题的地方 才会对这种事加以限制就像国内根本不会去讨论种族歧视', '或者禁酒令啥的', '只有有问题的地方', '或者禁酒令啥的 我一直觉得北美的禁酒令很神奇 国内不会去讨论种族歧视']","['只有有问题的地方，才会对这种事加以限制就像国内根本不会去讨论种族歧视，或者禁酒令啥的 我一直觉得北美的禁酒令很神奇', '只有有问题的地方，才会对这种事加以限制就像国内根本不会去讨论种族歧视，或者禁酒令啥的 我一直觉得北美的禁酒令很神奇', '只有有问题的地方，才会对这种事加以限制就像国内根本不会去讨论种族歧视，或者禁酒令啥的 我一直觉得北美的禁酒令很神奇']",replies
15,71,15_准备在再怀一个二胎_准备在再怀一个二胎 准备在再怀一个二胎_准备在再怀一个二胎 准备在再怀一个二胎 准备在再怀一个二胎_想要二胎了,"['准备在再怀一个二胎', '准备在再怀一个二胎 准备在再怀一个二胎', '准备在再怀一个二胎 准备在再怀一个二胎 准备在再怀一个二胎', '想要二胎了', '是二胎', '二胎', '正常', '', '', '']","['准备在再怀一个二胎', '准备在再怀一个二胎', '准备在再怀一个二胎']",replies
16,70,16_上环结扎_上环结扎 都是国家强制的_不懂又扯男人干嘛_上环结扎 都是国家强制的 你应该去问问国家,"['上环结扎', '上环结扎 都是国家强制的', '不懂又扯男人干嘛', '上环结扎 都是国家强制的 你应该去问问国家', '不懂又扯男人干嘛 现在那还有人去结扎', '都是国家强制的 你应该去问问国家', '你应该去问问国家', '以前计划生育', '以前计划生育 上环结扎', '以前计划生育 上环结扎 都是国家强制的']","['以前计划生育 上环结扎 都是国家强制的 你应该去问问国家，不懂又扯男人干嘛， 现在那还有人去结扎。', '以前计划生育 上环结扎 都是国家强制的 你应该去问问国家，不懂又扯男人干嘛， 现在那还有人去结扎。', '以前计划生育 上环结扎 都是国家强制的 你应该去问问国家，不懂又扯男人干嘛， 现在那还有人去结扎。']",replies
17,69,17_有孩子以后生活质量_骂两句还歧视_现在这女的说要追求爱情就跑了 这叫歧视 我买条狗养大了跟别人跑了_现在这女的说要追求爱情就跑了 这叫歧视,"['有孩子以后生活质量', '骂两句还歧视', '现在这女的说要追求爱情就跑了 这叫歧视 我买条狗养大了跟别人跑了', '现在这女的说要追求爱情就跑了 这叫歧视', '现在这女的说要追求爱情就跑了', '现在年轻人应该对职业没啥歧视 叔可以放宽点心 也可以给孩子带个好头', '现在年轻人应该对职业没啥歧视 叔可以放宽点心', '现在年轻人应该对职业没啥歧视', '歧视 买你的时候给好价格了 又供你吃喝到大', '歧视 买你的时候给好价格了']","['不至于不至于，我们上学也没爱上读书啊，现在年轻人应该对职业没啥歧视，叔可以放宽点心，也可以给孩子带个好头，学会尊重平等', '歧视？买你的时候给好价格了，又供你吃喝到大，现在这女的说要追求爱情就跑了，这叫歧视？我买条狗养大了跟别人跑了，骂两句还歧视，你买的一切东西只要我能骗走就是我的了，你家在哪里我去玩玩，指你老婆，', '歧视？买你的时候给好价格了，又供你吃喝到大，现在这女的说要追求爱情就跑了，这叫歧视？我买条狗养大了跟别人跑了，骂两句还歧视，你买的一切东西只要我能骗走就是我的了，你家在哪里我去玩玩，指你老婆，']",replies
18,68,18_寄生_寄生是指一种生物寄托到另外一种生物上_所以生气 还有一部分人可能是出于单纯对生产行为抱有某种比较美好的感情和寄托 寄生这个词在大部分情况下毕竟是贬义_所以生气 还有一部分人可能是出于单纯对生产行为抱有某种比较美好的感情和寄托,"['寄生', '寄生是指一种生物寄托到另外一种生物上', '所以生气 还有一部分人可能是出于单纯对生产行为抱有某种比较美好的感情和寄托 寄生这个词在大部分情况下毕竟是贬义', '所以生气 还有一部分人可能是出于单纯对生产行为抱有某种比较美好的感情和寄托', '所以生气', '把自己的细胞和遗传信息演化出来的东西说成寄生物种真的怪怪的', '我自己生孕的有自己蛋白质遗传信息的东西被说成是寄生品 一部分人在潜意识中是将后代当做部分自我的投影的', '我自己生孕的有自己蛋白质遗传信息的东西被说成是寄生品', '有人可能会认为将寄生关系当做怀孕的喻体是在侮辱自愿怀孕的孕妇为此做出的牺牲和坚韧的意志', '有人可能会认为将寄生关系当做怀孕的喻体是在侮辱自愿怀孕的孕妇为此做出的牺牲和坚韧的意志 还有类似于']","['主观上，如果代入的话，不就相当于再说曾经从母亲身体中成长的自己是寄生物吗，也就是主观上自我意识感觉被贬低，所以生气。 还有一部分人可能是出于单纯对生产行为抱有某种比较美好的感情和寄托，寄生这个词在大部分情况下毕竟是贬义。但他们认为生育是很辛苦的，具有奉献性的行为，而寄生说实话是被迫行为，两者主观上差异真的很大，有人可能会认为将寄生关系当做怀孕的喻体是在侮辱自愿怀孕的孕妇为此做出的牺牲和坚韧的意志。 还有类似于【我自己生孕的有自己蛋白质遗传信息的东西被说成是寄生品】，一部分人在潜意识中是将后代当做部分自我的投影的，也相当于对他自我有否定的感觉。 另外从客观上来说，寄生是指一种生物寄托到另外一种生物上，但是怀孕是同种生物，把自己的细胞和遗传信息演化出来的东西说成寄生物种真的怪怪的。', '有两种原因。 主观上，如果代入的话，不就相当于再说曾经从母亲身体中成长的自己是寄生物吗，也就是主观上自我意识感觉被贬低，所以生气。 还有一部分人可能是出于单纯对生产行为抱有某种比较美好的感情和寄托，寄生这个词在大部分情况下毕竟是贬义。但他们认为生育是很辛苦的，具有奉献性的行为，而寄生说实话是被迫行为，两者主观上差异真的很大，有人可能会认为将寄生关系当做怀孕的喻体是在侮辱自愿怀孕的孕妇为此做出的牺牲和坚韧的意志。 还有类似于【我自己生孕的有自己蛋白质遗传信息的东西被说成是寄生品】，一部分人在潜意识中是将后代当做部分自我的投影的，也相当于对他自我有否定的感觉。 另外从客观上来说，寄生是指一种生物寄托到另外一种生物上，但是怀孕是同种生物，把自己的细胞和遗传信息演化出来的东西说成寄生物种真的怪怪的。不过我觉得单纯因为客观角度来说生气的人应该是少数。', '有两种原因。 主观上，如果代入的话，不就相当于再说曾经从母亲身体中成长的自己是寄生物吗，也就是主观上自我意识感觉被贬低，所以生气。 还有一部分人可能是出于单纯对生产行为抱有某种比较美好的感情和寄托，寄生这个词在大部分情况下毕竟是贬义。但他们认为生育是很辛苦的，具有奉献性的行为，而寄生说实话是被迫行为，两者主观上差异真的很大，有人可能会认为将寄生关系当做怀孕的喻体是在侮辱自愿怀孕的孕妇为此做出的牺牲和坚韧的意志。 还有类似于【我自己生孕的有自己蛋白质遗传信息的东西被说成是寄生品】，一部分人在潜意识中是将后代当做部分自我的投影的，也相当于对他自我有否定的感觉。 另外从客观上来说，寄生是指一种生物寄托到另外一种生物上，但是怀孕是同种生物，把自己的细胞和遗传信息演化出来的东西说成寄生物种真的怪怪的。不过我觉得单纯因为客观角度来说生气的人应该是少数。']",replies
19,66,19_抱歉 结婚不是一辈子锁死不能离婚的_法律规定结婚了一辈子不能离婚 女的没有选择权利 你结婚_法律规定结婚了一辈子不能离婚_法律规定结婚了一辈子不能离婚 女的没有选择权利,"['抱歉 结婚不是一辈子锁死不能离婚的', '法律规定结婚了一辈子不能离婚 女的没有选择权利 你结婚', '法律规定结婚了一辈子不能离婚', '法律规定结婚了一辈子不能离婚 女的没有选择权利', '此时两人的关系怎么也谈不上和平吧 还是说有什么我没想到的场景', '此时两人的关系怎么也谈不上和平吧 还是说有什么我没想到的场景 看你怎么定义', '感情不和离婚不是很正常吗 法律规定结婚了一辈子不能离婚', '感情不和离婚不是很正常吗 法律规定结婚了一辈子不能离婚 女的没有选择权利', '此时两人的关系怎么也谈不上和平吧', '感情不和离婚不是很正常吗']","['看你怎么定义“实在待不下去了”，老几辈人离婚成本高所以都凑合着过，因此产生很多家庭悲剧；但是年轻几代不一样啊，虽然也有悲剧，单手更少人因为想离不能离而一直凑合着过了，所以现代人离婚的时候也可以是相敬如宾（冷漠）的。 呃，不过好聚好散在哪个时代都有，不凑合着过、干脆地离了也不代表就一定是好聚好散。', '抱歉，结婚不是一辈子锁死不能离婚的！真搞笑，还给人上道德绑架，上贞洁锁呢！感情不和离婚不是很正常吗？法律规定结婚了一辈子不能离婚？女的没有选择权利？你结婚，你感情破裂也可以离婚，希望你以后结婚，老公或者老婆出轨，整天吵架打架也不要离婚！', '抱歉，结婚不是一辈子锁死不能离婚的！真搞笑，还给人上道德绑架，上贞洁锁呢！感情不和离婚不是很正常吗？法律规定结婚了一辈子不能离婚？女的没有选择权利？你结婚，你感情破裂也可以离婚，希望你以后结婚，老公或者老婆出轨，整天吵架打架也不要离婚！']",replies
20,66,20_2020年还剩三天竟然还有东西敢说出口我是没想到_无知识和人格魅力_无权用于绑架和审判他人 婚姻不是所有社会个体必需的生活方式 性生活却是每个守法守序身心健康的社会个体应有的权益_无权用于绑架和审判他人 婚姻不是所有社会个体必需的生活方式,"['2020年还剩三天竟然还有东西敢说出口我是没想到', '无知识和人格魅力', '无权用于绑架和审判他人 婚姻不是所有社会个体必需的生活方式 性生活却是每个守法守序身心健康的社会个体应有的权益', '无权用于绑架和审判他人 婚姻不是所有社会个体必需的生活方式', '无权用于绑架和审判他人', '或是自己解决生理所需 亦或是不婚主义却享有性生活 她们的人生没有损害自身健康和社会秩序', '或是自己解决生理所需 亦或是不婚主义却享有性生活', '或是自己解决生理所需', '非处 加以荡妇羞辱式人身攻击企图令人不敢批评质疑自己的言论无疑是无知无耻低俗下流野蛮落后的', '性生活却是每个守法守序身心健康的社会个体应有的权益 将生理上的无经验当做女性在婚姻方面的筹码是将女性默认为无人格独立 无经济独立']","['处子要求配偶是处子是合情合理的择偶观念，但只能用于要求自身、无权用于绑架和审判他人；婚姻不是所有社会个体必需的生活方式，性生活却是每个守法守序身心健康的社会个体应有的权益，将生理上的无经验当做女性在婚姻方面的筹码是将女性默认为无人格独立、无经济独立、无知识和人格魅力、只能依附婚姻和男性的老封建余孽和父权的套路，2020年还剩三天竟然还有东西敢说出口我是没想到； 视频科普女性在性关系里要注意的基本权益（安全）和身心健康问题，有些“人”却来顾左右言他批判和谩骂女性婚前性行为，虽然很恶心很ky，但如果不是双标dog，那么坚持自身择偶观念、同时接受其他生活方式的人和自己生活在一个人类社会里才是成熟理性社会人的态度，而批判谩骂女性婚前性行为、并将质疑自己观点的人全部意淫为“非处（女）”加以荡妇羞辱式人身攻击企图令人不敢批评质疑自己的言论无疑是无知无耻低俗下流野蛮落后的：除了人格独立+身心健康+守法守序的女性和男性一样有权享有性生活以外，她们的生活方式与批判非处（女）的人没有丝毫关系：无论她们是和异性或同性交往，或是自己解决生理所需、亦或是不婚主义却享有性生活，她们的人生没有损害自身健康和社会秩序、和以处子为择偶观念的人更无关系（双标dog不在可论范围内）。当个人试图将自身的观念强加给与自己人生无关的他人、对和自己观念相异的人进行以侮辱为目的恶意揣测和意淫、企图对他人进行绑架时，就已经体现出了不懂自重和尊重他人、傲慢狂妄、低俗下流的人格了。 PS：我也举报了它并和它说了两句套话：“大清今天又亡了；管好你自己。”', '处子要求配偶是处子是合情合理的择偶观念，但只能用于要求自身、无权用于绑架和审判他人；婚姻不是所有社会个体必需的生活方式，性生活却是每个守法守序身心健康的社会个体应有的权益，将生理上的无经验当做女性在婚姻方面的筹码是将女性默认为无人格独立、无经济独立、无知识和人格魅力、只能依附婚姻和男性的老封建余孽和父权的套路，2020年还剩三天竟然还有东西敢说出口我是没想到； 视频科普女性在性关系里要注意的基本权益（安全）和身心健康问题，有些“人”却来顾左右言他批判和谩骂女性婚前性行为，虽然很恶心很ky，但如果不是双标dog，那么坚持自身择偶观念、同时接受其他生活方式的人和自己生活在一个人类社会里才是成熟理性社会人的态度，而批判谩骂女性婚前性行为、并将质疑自己观点的人全部意淫为“非处（女）”加以荡妇羞辱式人身攻击企图令人不敢批评质疑自己的言论无疑是无知无耻低俗下流野蛮落后的：除了人格独立+身心健康+守法守序的女性和男性一样有权享有性生活以外，她们的生活方式与批判非处（女）的人没有丝毫关系：无论她们是和异性或同性交往，或是自己解决生理所需、亦或是不婚主义却享有性生活，她们的人生没有损害自身健康和社会秩序、和以处子为择偶观念的人更无关系（双标dog不在可论范围内）。当个人试图将自身的观念强加给与自己人生无关的他人、对和自己观念相异的人进行以侮辱为目的恶意揣测和意淫、企图对他人进行绑架时，就已经体现出了不懂自重和尊重他人、傲慢狂妄、低俗下流的人格了。 PS：我也举报了它并和它说了两句套话：“大清今天又亡了；管好你自己。”', '处子要求配偶是处子是合情合理的择偶观念，但只能用于要求自身、无权用于绑架和审判他人；婚姻不是所有社会个体必需的生活方式，性生活却是每个守法守序身心健康的社会个体应有的权益，将生理上的无经验当做女性在婚姻方面的筹码是将女性默认为无人格独立、无经济独立、无知识和人格魅力、只能依附婚姻和男性的老封建余孽和父权的套路，2020年还剩三天竟然还有东西敢说出口我是没想到； 视频科普女性在性关系里要注意的基本权益（安全）和身心健康问题，有些“人”却来顾左右言他批判和谩骂女性婚前性行为，虽然很恶心很ky，但如果不是双标dog，那么坚持自身择偶观念、同时接受其他生活方式的人和自己生活在一个人类社会里才是成熟理性社会人的态度，而批判谩骂女性婚前性行为、并将质疑自己观点的人全部意淫为“非处（女）”加以荡妇羞辱式人身攻击企图令人不敢批评质疑自己的言论无疑是无知无耻低俗下流野蛮落后的：除了人格独立+身心健康+守法守序的女性和男性一样有权享有性生活以外，她们的生活方式与批判非处（女）的人没有丝毫关系：无论她们是和异性或同性交往，或是自己解决生理所需、亦或是不婚主义却享有性生活，她们的人生没有损害自身健康和社会秩序、和以处子为择偶观念的人更无关系（双标dog不在可论范围内）。当个人试图将自身的观念强加给与自己人生无关的他人、对和自己观念相异的人进行以侮辱为目的恶意揣测和意淫、企图对他人进行绑架时，就已经体现出了不懂自重和尊重他人、傲慢狂妄、低俗下流的人格了。 PS：我也举报了它并和它说了两句套话：“大清今天又亡了；管好你自己。”']",replies
21,63,21_很多时候妇科还用来调整经期解决月经不调_我就是经常吃短效避孕药的 自己亲身测试过并没有什么问题 没必要谈药色变_我就是经常吃短效避孕药的_没必要谈药色变 对身体危害大的是紧急避孕药 我真的才发现原来中国女性对避孕知识了解的这么匮乏,"['很多时候妇科还用来调整经期解决月经不调', '我就是经常吃短效避孕药的 自己亲身测试过并没有什么问题 没必要谈药色变', '我就是经常吃短效避孕药的', '没必要谈药色变 对身体危害大的是紧急避孕药 我真的才发现原来中国女性对避孕知识了解的这么匮乏', '很多时候妇科还用来调整经期解决月经不调 我就是经常吃短效避孕药的 自己亲身测试过并没有什么问题', '很多时候妇科还用来调整经期解决月经不调 我就是经常吃短效避孕药的', '我就是经常吃短效避孕药的 自己亲身测试过并没有什么问题', '有月经不调它会调节月经', '月经正常反而会让月经紊乱 而且短效避孕药得长期吃', '月经正常反而会让月经紊乱 而且短效避孕药得长期吃 会伤胃']","['有月经不调它会调节月经，月经正常反而会让月经紊乱。而且短效避孕药得长期吃，会伤胃。另外，和紧急避孕药区分。紧急避孕药一年最多吃三粒，中间需要间隔三个月。不然影响以后生育，月经不调。', '短效避孕药不仅不会影响生育，很多时候妇科还用来调整经期解决月经不调。我就是经常吃短效避孕药的，自己亲身测试过并没有什么问题，没必要谈药色变，对身体危害大的是紧急避孕药。我真的才发现原来中国女性对避孕知识了解的这么匮乏', '短效避孕药不仅不会影响生育，很多时候妇科还用来调整经期解决月经不调。我就是经常吃短效避孕药的，自己亲身测试过并没有什么问题，没必要谈药色变，对身体危害大的是紧急避孕药。我真的才发现原来中国女性对避孕知识了解的这么匮乏']",replies
22,57,22_顺便问下 大家不都说不给男的结扎吗 您是不是找私立做的手术_顺便问下 大家不都说不给男的结扎吗_就是男的容易在40多岁反悔 那时候女的生产很危险的时候后悔 女方就及其弱势了_就是男的容易在40多岁反悔 那时候女的生产很危险的时候后悔,"['顺便问下 大家不都说不给男的结扎吗 您是不是找私立做的手术', '顺便问下 大家不都说不给男的结扎吗', '就是男的容易在40多岁反悔 那时候女的生产很危险的时候后悔 女方就及其弱势了', '就是男的容易在40多岁反悔 那时候女的生产很危险的时候后悔', '就是男的容易在40多岁反悔', '女方就及其弱势了 然后想要娃的男的就离婚再娶 这种不少', '女方就及其弱势了 然后想要娃的男的就离婚再娶', '女方就及其弱势了', '大家不都说不给男的结扎吗 您是不是找私立做的手术', '大家不都说不给男的结扎吗']","['咋说呢，结合实际，就是男的容易在40多岁反悔，那时候女的生产很危险的时候后悔。女方就及其弱势了，然后想要娃的男的就离婚再娶，这种不少。也有女的最后屈服也怀孕的，参见 全嘻嘻。 顺便问下，大家不都说不给男的结扎吗？您是不是找私立做的手术？', '咋说呢，结合实际，就是男的容易在40多岁反悔，那时候女的生产很危险的时候后悔。女方就及其弱势了，然后想要娃的男的就离婚再娶，这种不少。也有女的最后屈服也怀孕的，参见 全嘻嘻。 顺便问下，大家不都说不给男的结扎吗？您是不是找私立做的手术？', '咋说呢，结合实际，就是男的容易在40多岁反悔，那时候女的生产很危险的时候后悔。女方就及其弱势了，然后想要娃的男的就离婚再娶，这种不少。也有女的最后屈服也怀孕的，参见 全嘻嘻。 顺便问下，大家不都说不给男的结扎吗？您是不是找私立做的手术？']",replies
23,57,23_母亲伟大_恶露_腹直肌分离_羊水栓塞,"['母亲伟大', '恶露', '腹直肌分离', '羊水栓塞', '我有个表姐', '涨奶', '撕裂', '早产', '漏尿', '30']","['这层楼只说难产的，是没听过羊水栓塞吗？是几乎百分百的死亡率的情况，即使放现在医学界也救不过来，大人孩子都死，且是瞬间救都来不及的那种。且这个病没有基础病，没办法从身体的健康数据预估，就像随机一样碰上了就倒霉，没碰上就是幸运，和体质没关系，也和提前预防没关系。 除此之外，孩子头朝上，或者横位也都生不出来啊？再除此之外，孩子脐带绕颈，不管是一圈还是两圈还是更多圈，如果不剖腹，孩子头没绕出来，最终结果不是生的时候更疼孩子被勒着出不来两个人都死，就是孩子生出来这个过程中已经被勒死了！ 别说胎位不正和脐带绕颈概率低，我有个表姐，一胎胎位不正+脐带绕颈，天天在家做医生交代的姿势胎儿也没转正，没办法剖腹产，二胎还是胎位不正，没办法只能剖腹产！身边的亲戚因为胎位不正的剖腹产不是少数，这些放在古代就是两个人都死。 就这还不说胎儿过大，头难产肩难产的，都是不一样的情况，有的整体都过大，已经超过正常指数了骨盆再大也不好生吧？有的本身不胖就头大，有的头也不大就肩宽，并且，你不能保证所有女孩都盆骨大吧？总有小或者偏小的吧？你不能保证所有母体没有高血压，哮喘等等其他基础疾病吧？这些病生产的时候都是高风险，放古代一发病绝对母子俱亡。 还有，不是骨盆大就好生，因为有一类情况是骨盆能过去但是阴道过窄，照样生不出，古代侧切不能缝合，基本切了大人命全靠自己了，更别说再出现感染，那稍微一感染绝对没命。 最后，别忘了正常顺产也有产后大出血、产后血崩的风险，止不住血也死的很快。这些所有小概率的致死率加一起还不够高？这还是不算产前产后抑郁症的致死率呢！ 要是还觉得致死率低，换个方面想。如果致死率低的话，照古代的一夫多妻，没有计划生育，没有套，开元盛世时期甚至可能更早的和平年代时期，中国就能有几十亿的人口了，毕竟解放后实行计划生育，还是一夫一妻制才管控到十几亿的数字，更别说不避孕，娱乐生活只有ml的古代了。对比一下人口数量再说致死率，不说无视其他疾病，只是从出生人口基数上都能看出来。中国剖腹产技术不成熟的时候，因为顺便死的也照样不少见呐。这还不算产后的宫颈感染，子宫脱垂和宫颈癌，这些病照样存在致死！腹直肌分离，漏尿这就很常见了，这些都没办法恢复如初，只能减轻！骨盆错位就难受了！ 张口就来只想杠的，你的都对！', '妊娠高血压糖尿病、子宫脱垂、腹直肌分离、漏尿等等并发后遗症可怕吗？可怕，仅仅是无法拥有之前健康完整的肌体，都会让人无法接受。死亡仅仅是威胁的巅峰。哪怕是千分之一的死亡率，轮到个人头上就是百分之百。你觉得无关紧要只不过是因为这种灾难没有轮到你头上，你自己不用承受这一切罢了。在你的回答中，出现过无数次“母亲伟大”，但我发现你对女性连起码的尊重都没有，“母亲伟大”不过动动唇舌，一句口号，一个高帽子罢了，母亲付出和收获不成正比。生育是责任？义务？全国人大和国务院都没你这么敢说。且不说人类这个物种是最安全的物种之一，繁衍这种问题由你个人提出尤为可笑。再谈低生育率和老龄化问题，全球都没能解决的问题，你以为喊几句“多生多育母爱伟大”的口号就有用了吗？', '会脱发、缺钙、加快衰老速度、水肿、糖尿病易发，生产时疼就不说了，大出血、羊水栓塞、顺产的大部分会侧切、高度近视会视网膜脱落等等，生了以后要通奶、挤奶、涨奶、恶露、睡眠不足、断奶的时候还要再涨一次、子宫脱垂、漏尿等等，谁爱生谁生，祝想生的人平安，我不生']",replies
24,56,24_很多人不上环面临大概也是无休止的生育和流产吧 好多男人不愿意避孕 因为他们又不吃苦_很多人不上环面临大概也是无休止的生育和流产吧 好多男人不愿意避孕_但是对上一辈人来讲_好多男人不愿意避孕 因为他们又不吃苦 女人选择上环已经算爱护自己的行为了,"['很多人不上环面临大概也是无休止的生育和流产吧 好多男人不愿意避孕 因为他们又不吃苦', '很多人不上环面临大概也是无休止的生育和流产吧 好多男人不愿意避孕', '但是对上一辈人来讲', '好多男人不愿意避孕 因为他们又不吃苦 女人选择上环已经算爱护自己的行为了', '很多人不上环面临大概也是无休止的生育和流产吧', '女人选择上环已经算爱护自己的行为了', '因为他们又不吃苦', '好多人都说上环的痛苦', '好多人都说上环的痛苦 但是对上一辈人来讲', '好多人都说上环的痛苦 但是对上一辈人来讲 很多人不上环面临大概也是无休止的生育和流产吧']","['好多人都说上环的痛苦，但是对上一辈人来讲，很多人不上环面临大概也是无休止的生育和流产吧。好多男人不愿意避孕，因为他们又不吃苦，女人选择上环已经算爱护自己的行为了', '好多人都说上环的痛苦，但是对上一辈人来讲，很多人不上环面临大概也是无休止的生育和流产吧。好多男人不愿意避孕，因为他们又不吃苦，女人选择上环已经算爱护自己的行为了', '好多人都说上环的痛苦，但是对上一辈人来讲，很多人不上环面临大概也是无休止的生育和流产吧。好多男人不愿意避孕，因为他们又不吃苦，女人选择上环已经算爱护自己的行为了']",replies
25,53,25_自己都不为自己考虑_而且有的妈妈已经被老公男权思想洗脑一辈子了_能跟男的生活这么久本来就不是正常女性了_真的没人为女人考虑了 这是男人的本性 好男人本身就是个伪命题,"['自己都不为自己考虑', '而且有的妈妈已经被老公男权思想洗脑一辈子了', '能跟男的生活这么久本来就不是正常女性了', '真的没人为女人考虑了 这是男人的本性 好男人本身就是个伪命题', '真的没人为女人考虑了 这是男人的本性', '真的没人为女人考虑了', '能跟男的生活这么久本来就不是正常女性了 是精神男人', '父亲还要以男人的思想要求女儿自愿给女婿吸血 而且有的妈妈已经被老公男权思想洗脑一辈子了 能跟男的生活这么久本来就不是正常女性了', '父亲还要以男人的思想要求女儿自愿给女婿吸血 而且有的妈妈已经被老公男权思想洗脑一辈子了', '父亲还要以男人的思想要求女儿自愿给女婿吸血']","['女的结婚做好跟你婆婆一起养他老公和儿子的准备，婆婆也会压榨儿媳妇哦，女的在原生家庭就是跟你妈妈一起养父亲，父亲还要以男人的思想要求女儿自愿给女婿吸血，而且有的妈妈已经被老公男权思想洗脑一辈子了，能跟男的生活这么久本来就不是正常女性了，是精神男人，女孩子在这个精神男人社会里从出生开始就没有家，自己都不为自己考虑，真的没人为女人考虑了，这是男人的本性，好男人本身就是个伪命题', '女的结婚做好跟你婆婆一起养他老公和儿子的准备，婆婆也会压榨儿媳妇哦，女的在原生家庭就是跟你妈妈一起养父亲，父亲还要以男人的思想要求女儿自愿给女婿吸血，而且有的妈妈已经被老公男权思想洗脑一辈子了，能跟男的生活这么久本来就不是正常女性了，是精神男人，女孩子在这个精神男人社会里从出生开始就没有家，自己都不为自己考虑，真的没人为女人考虑了，这是男人的本性，好男人本身就是个伪命题', '女的结婚做好跟你婆婆一起养他老公和儿子的准备，婆婆也会压榨儿媳妇哦，女的在原生家庭就是跟你妈妈一起养父亲，父亲还要以男人的思想要求女儿自愿给女婿吸血，而且有的妈妈已经被老公男权思想洗脑一辈子了，能跟男的生活这么久本来就不是正常女性了，是精神男人，女孩子在这个精神男人社会里从出生开始就没有家，自己都不为自己考虑，真的没人为女人考虑了，这是男人的本性，好男人本身就是个伪命题']",replies
26,53,26_80年代开始计划生育_80年代开始计划生育 那时候已经想好了为30多年之后开放二胎做准备啦_80年代开始计划生育 那时候已经想好了为30多年之后开放二胎做准备啦 计生办的工作人员知道他们拉女性去上环是因为复通率高吗_那时候已经想好了为30多年之后开放二胎做准备啦 计生办的工作人员知道他们拉女性去上环是因为复通率高吗 给女性结扎是不是为了以后开放二胎做准备这个我不清楚,"['80年代开始计划生育', '80年代开始计划生育 那时候已经想好了为30多年之后开放二胎做准备啦', '80年代开始计划生育 那时候已经想好了为30多年之后开放二胎做准备啦 计生办的工作人员知道他们拉女性去上环是因为复通率高吗', '那时候已经想好了为30多年之后开放二胎做准备啦 计生办的工作人员知道他们拉女性去上环是因为复通率高吗 给女性结扎是不是为了以后开放二胎做准备这个我不清楚', '但我觉得可能是挑选那个相对好一点的结果吧', '请问有新闻或者文献出处吗 80年代开始计划生育 那时候已经想好了为30多年之后开放二胎做准备啦', '计生办的工作人员知道他们拉女性去上环是因为复通率高吗 给女性结扎是不是为了以后开放二胎做准备这个我不清楚', '计生办的工作人员知道他们拉女性去上环是因为复通率高吗 给女性结扎是不是为了以后开放二胎做准备这个我不清楚 但我觉得可能是挑选那个相对好一点的结果吧', '计生办的工作人员知道他们拉女性去上环是因为复通率高吗', '计划生育的时候强迫女性结扎就是因为女性的复通率比男性高 请问有新闻或者文献出处吗 80年代开始计划生育']","['“计划生育的时候强迫女性结扎就是因为女性的复通率比男性高”，请问有新闻或者文献出处吗？80年代开始计划生育，那时候已经想好了为30多年之后开放二胎做准备啦？计生办的工作人员知道他们拉女性去上环是因为复通率高吗？', '“计划生育的时候强迫女性结扎就是因为女性的复通率比男性高”，请问有新闻或者文献出处吗？80年代开始计划生育，那时候已经想好了为30多年之后开放二胎做准备啦？计生办的工作人员知道他们拉女性去上环是因为复通率高吗？', '“计划生育的时候强迫女性结扎就是因为女性的复通率比男性高”，请问有新闻或者文献出处吗？80年代开始计划生育，那时候已经想好了为30多年之后开放二胎做准备啦？计生办的工作人员知道他们拉女性去上环是因为复通率高吗？']",replies
27,51,27_增加产假15天_女职工劳动保护规定_怀孕满4个月流产的_怀孕满4个月流产的 享受42天产假,"['增加产假15天', '女职工劳动保护规定', '怀孕满4个月流产的', '怀孕满4个月流产的 享受42天产假', '我最喜欢的是他去俄罗斯那一集 其中有一个犯人饭点的时候', '对此做了进一步规定 第七条 女职工生育享受98天产假', '总体来说都不错', '怀孕满4个月流产的 享受42天产假 注百度查的', '总体来说都不错 其中一集 我有点觉得老传统了', '总体来说都不错 其中一集']","['我国《女职工劳动保护规定》对此做了进一步规定： 第七条，女职工生育享受98天产假，其中产前可以休假15天;难产的，增加产假15天;生育多胞胎的，每多生育1个婴儿，增加产假15天。女职工怀孕未满4个月流产的，享受15天产假;怀孕满4个月流产的，享受42天产假。注百度查的。', '我国《女职工劳动保护规定》对此做了进一步规定： 第七条，女职工生育享受98天产假，其中产前可以休假15天;难产的，增加产假15天;生育多胞胎的，每多生育1个婴儿，增加产假15天。女职工怀孕未满4个月流产的，享受15天产假;怀孕满4个月流产的，享受42天产假。注百度查的。', '我国《女职工劳动保护规定》对此做了进一步规定： 第七条，女职工生育享受98天产假，其中产前可以休假15天;难产的，增加产假15天;生育多胞胎的，每多生育1个婴儿，增加产假15天。女职工怀孕未满4个月流产的，享受15天产假;怀孕满4个月流产的，享受42天产假。注百度查的。']",replies
28,50,28_男性都能做_什么的_ok_而且,"['男性都能做', '什么的', 'ok', '而且', '不好意思', '男女同工不同酬', '不是我说', '我就呵呵了', '田园女权', '我是男的']","['参与调研的女性职场人表示遭遇过职场性别歧视的占比为43.43%,而女性容易遭受的前三大职场歧视分别是:“同等条件下,男性工作机会更多”“面试阶段被问婚恋或生育情况”“晋升渠道窄,较早遇到职业瓶颈”;其次,女性面临第四大职场歧视是“男女同工不同酬,“很难进入高管层”。在对待性别歧视上,多数女性排第一的反应是“用成绩证明自己,改变别人的偏见”,得票率为49.73%,但多数男性排第一的反应是“向公司上级或管理部门反映,要求合理解释”。——《2021职场女性与男性性别差异数据报告》', '“这不是你们女性的理所应当吗？”什么样的人能说出这样的话，我想只有想你们这种南拳才会，忽视各种因素来污蔑全体女性。 “这么说吧一个公司里同个级别女性跟男性的工作时间是8小时制工作很轻松期间可活动跟12小时制不停工这个可以是关爱吗？可以是！ 但工资是1万跟7千这能列入关爱吗？”。实际是不是同样的工作量、工作年限和职责都不清楚，就扯女性的工作轻松工资很高，这不是针对女性？ 而且，实际情况是女性社会地位并不高，但凡你了解一下新闻就不会这样说了。请你在就业歧视、领导人性别构成、家务育儿时间占比、千万被杀死的女胎面前说女性地位高。', '我国为什么尊重女性，是因为女性做出了应有的贡献，不好意思，至于上面一大堆说歧视女性的，我就呵呵了，在同等条件下，男生被要求加班不会逼逼，而且，男生没有那么多屁事，在同等情况下，一个成年男性的劳动力就是比一个女性的劳动力多，生产的价值更高，资本又不分人，能创造更多价值，我为什么不选男性?，而且，女性生育，还要假期，什么的，平白给企业造成损失，至于上面说的女性比男性更聪明，不好意思，科学研究表明男性比女性更加理智，从获取快感的方面讲，女性比男性高的多，这是有科学数据证明的，你杆不了，就单单科技文化讲，以前，科学技术发展我只知道男性的名字，牛顿，什么的，女性有一个名字吗？你说以前歧视，好，现在成立70周年了，信息技术这么发达，我也没看到，有几个女性名字，至于你说的怀孕伟大，女性伟大，就这，我承认母爱伟大，但我不承认女性伟大，现代人结婚生子，一个彩礼30万，酒席要20万，一套房子上百万，刚出来的年轻人，哪个有钱?女性要求条件，首先房子有我名，ok，我也不谈什么，取你起码得花200万，我奋斗十几年的钱直接给你，毫不客气的说，你值这个价吗？一个洞加生个孩子就有200万?生孩子顶多10个月，一个洞，一个晚上，ok，你用不到一年的时间换去了我十多年的财富，公平吗？我就纯价值计算，你一年能挣两百万吗？我想大多数人都是做不到的，一年两百万，起码一个月要10万以上，不是我说，你的价值都不匹配，就这还要平权，要是女性有比男性更高的智力水平，没人瞧不起你，你创造的价值少，我为啥要选你?资本又不分人，想要被尊重，那就创造更多价值，就现在，虽然，国家规定男女平等，大多数人都是瞧不起的，女性不能做的，男性都能做，女性能做的，男性都能做，就这，我凭什么尊重你，就单纯体力劳动而言，女性跑的比男性快吗？，就单纯现在而言，先天决定，但你可以考虑后天，你有知识，就比那些没有知识的人价值更高，现在全国扫盲，20多年了，义务教育普及百分之九十九，这样，这么多年过去了，你们还报怨，别跟我谈社会环境，如果只要改变社会环境就能的话，立法这么多年了，也不见得改变，反倒是现在，田园女权，越来越多，什么外包女越来越多，你想让我平等，那就创造出价值，我就尊重你']",replies
29,50,29_没有生育金生孩子不能报销啊_为了生育金呗 没有生育金生孩子不能报销啊_为了生育金呗_为了生育金呗 没有生育金生孩子不能报销啊 为了生育金呗,"['没有生育金生孩子不能报销啊', '为了生育金呗 没有生育金生孩子不能报销啊', '为了生育金呗', '为了生育金呗 没有生育金生孩子不能报销啊 为了生育金呗', '没有生育金生孩子不能报销啊 为了生育金呗', '没有生育金生孩子不能报销啊 为了生育金呗 没有生育金生孩子不能报销啊', '所以啊', '', '', '']","['为了生育金呗，没有生育金生孩子不能报销啊！', '为了生育金呗，没有生育金生孩子不能报销啊！', '为了生育金呗，没有生育金生孩子不能报销啊！']",replies
30,50,30_离婚吧_离婚了_谢谢_怎么说呢,"['离婚吧', '离婚了', '谢谢', '怎么说呢', '离婚', '是啊', '呵呵', '', '', '']","['然后女方出轨了，离婚了', '是啊，同居=离婚', '要不你就别耽误人家了，离婚吧。']",replies
31,50,31_本科生并没有歧视专科生_没有地域歧视的意思_术业有专攻__ゝ,"['本科生并没有歧视专科生', '没有地域歧视的意思', '术业有专攻', '_ゝ', '真的', '恕我直言', '是相对而言', '或者说', 'emmm', '说白了']","['没有地域歧视的意思，但我最近每次看到一些匪夷所思的奇葩言论为什么都来自意大利，告诉我你只是在意大利工厂里打工的是吗？ （emm这句话放在你身上是不是同样适用，这还不是地域黑吗？没有赞同楼主的说法）', '这也是我想跟你说的，本科生并没有歧视专科生', '如果心结打开了，我希望你能理解一下，本科生并没有歧视专科生，会歧视的都是一些狭隘的人，本科生里他们也是垃圾，不如专科生。 或者说，是嫉妒，嫉妒专科生工资高。 现在社会普遍都重视专科生了，从中央的政策开始就重视培育专科人才了，因为现在工厂真的很缺，你们也很抢手，你没必要觉得自己被歧视了，真的。']",replies
32,49,32_然后要分这男方的财产 劝分_然后要分这男方的财产 劝分 不对等的感情越耗沉没成本越高_根据某乎要求_然后再复婚,"['然后要分这男方的财产 劝分', '然后要分这男方的财产 劝分 不对等的感情越耗沉没成本越高', '根据某乎要求', '然后再复婚', '然后再复婚 因为首套房利息低一点', '更是怎么样都可以分了', '然后再复婚 因为首套房利息低一点 也就是说两个人一离就是低利息买两套房', '然后要分这男方的财产', '彩礼', '离婚了']","['里面有相当大的一部分是离婚之后两个人买房，然后再复婚。因为首套房利息低一点，也就是说两个人一离就是低利息买两套房。', '给我一个同学很像。结婚半年女方踩脸出轨离婚。然后要分这男方的财产。劝分，不对等的感情越耗沉没成本越高。从你一面之辞上听，这女的不是什么好东西。而且你都这样说了，更是怎么样都可以分了。', '给我一个同学很像。结婚半年女方踩脸出轨离婚。然后要分这男方的财产。劝分，不对等的感情越耗沉没成本越高。从你一面之辞上听，这女的不是什么好东西。而且你都这样说了，更是怎么样都可以分了。']",replies
33,48,33_除非男方就不想要孩子 这要是100年前 这个小姐姐就真的一辈子都完了_不然婆婆不会一直怪儿媳妇但又没撺掇儿子离婚再找_不然婆婆不会一直怪儿媳妇但又没撺掇儿子离婚再找 儿子也什么都不说_不然婆婆不会一直怪儿媳妇但又没撺掇儿子离婚再找 儿子也什么都不说 就是找儿媳妇背锅,"['除非男方就不想要孩子 这要是100年前 这个小姐姐就真的一辈子都完了', '不然婆婆不会一直怪儿媳妇但又没撺掇儿子离婚再找', '不然婆婆不会一直怪儿媳妇但又没撺掇儿子离婚再找 儿子也什么都不说', '不然婆婆不会一直怪儿媳妇但又没撺掇儿子离婚再找 儿子也什么都不说 就是找儿媳妇背锅', '儿子也什么都不说', '儿子也什么都不说 就是找儿媳妇背锅', '儿子也什么都不说 就是找儿媳妇背锅 女方有问题绝对就离了', '除非男方就不想要孩子', '这要是100年前 这个小姐姐就真的一辈子都完了', '这要是100年前']","['现实里，这种情况男方家里肯定心里有个谱的，不然婆婆不会一直怪儿媳妇但又没撺掇儿子离婚再找，儿子也什么都不说，就是找儿媳妇背锅。女方有问题绝对就离了，除非男方就不想要孩子，这要是100年前，这个小姐姐就真的一辈子都完了。', '现实里，这种情况男方家里肯定心里有个谱的，不然婆婆不会一直怪儿媳妇但又没撺掇儿子离婚再找，儿子也什么都不说，就是找儿媳妇背锅。女方有问题绝对就离了，除非男方就不想要孩子，这要是100年前，这个小姐姐就真的一辈子都完了。', '现实里，这种情况男方家里肯定心里有个谱的，不然婆婆不会一直怪儿媳妇但又没撺掇儿子离婚再找，儿子也什么都不说，就是找儿媳妇背锅。女方有问题绝对就离了，除非男方就不想要孩子，这要是100年前，这个小姐姐就真的一辈子都完了。']",replies
34,47,34_但是最可气的是 男人不受苦不管孩子还要通过冠姓把孩子抢走_但是最可气的是_但是最可气的是 男人不受苦不管孩子还要通过冠姓把孩子抢走 青春期孩子和妈妈作对就变成了_其实是一个人的事 男人除了提供那么点精 在生育里什么作用都没有,"['但是最可气的是 男人不受苦不管孩子还要通过冠姓把孩子抢走', '但是最可气的是', '但是最可气的是 男人不受苦不管孩子还要通过冠姓把孩子抢走 青春期孩子和妈妈作对就变成了', '其实是一个人的事 男人除了提供那么点精 在生育里什么作用都没有', '其实是一个人的事 男人除了提供那么点精', '其实是一个人的事', '在生育里什么作用都没有 女人才有生育的能力', '在生育里什么作用都没有', '可悲可悲', '女人才有生育的能力']","['其实是一个人的事，男人除了提供那么点精，在生育里什么作用都没有，女人才有生育的能力，但是最可气的是，男人不受苦不管孩子还要通过冠姓把孩子抢走，青春期孩子和妈妈作对就变成了“外姓人对付两个同姓人”，可悲可悲', '其实是一个人的事，男人除了提供那么点精，在生育里什么作用都没有，女人才有生育的能力，但是最可气的是，男人不受苦不管孩子还要通过冠姓把孩子抢走，青春期孩子和妈妈作对就变成了“外姓人对付两个同姓人”，可悲可悲', '其实是一个人的事，男人除了提供那么点精，在生育里什么作用都没有，女人才有生育的能力，但是最可气的是，男人不受苦不管孩子还要通过冠姓把孩子抢走，青春期孩子和妈妈作对就变成了“外姓人对付两个同姓人”，可悲可悲']",replies
35,44,35_性别歧视_挺好的_朋友_,"['性别歧视', '挺好的', '朋友', '', '', '', '', '', '', '']","['不歧视同性恋，挺好的', '对男生好说？性别歧视？', '性别歧视←_←']",replies
36,44,36_冷暴力 最后有人相信美好的婚姻和可靠的的另一半去结婚生子也值得羡慕和祝福 这算是这世界仅剩的的清流_所以不婚不孕真的没有错_所以不婚不孕真的没有错 就算男的不家暴_一把心愿放在别人身上本来就不应该,"['冷暴力 最后有人相信美好的婚姻和可靠的的另一半去结婚生子也值得羡慕和祝福 这算是这世界仅剩的的清流', '所以不婚不孕真的没有错', '所以不婚不孕真的没有错 就算男的不家暴', '一把心愿放在别人身上本来就不应该', '一把心愿放在别人身上本来就不应该 所以后期自己去冰岛才是必须的', '一把心愿放在别人身上本来就不应该 所以后期自己去冰岛才是必须的 二怀孕流产伤害的是自己', '就算男的不家暴 现在的社会两人首婚一辈子也很难 大大小小的烦心事等同于慢性家暴', '就算男的不家暴 现在的社会两人首婚一辈子也很难', '二怀孕流产伤害的是自己', '二怀孕流产伤害的是自己 所以不婚不孕真的没有错']","['我身边有很早结婚的，基本上她们原生家庭都不怎么样，都对她们不够重视，这种女孩从小就没有自信和安全感，对家庭没有归属感对自己也是自我怀疑，男的对她们哄哄就跟他了，还以为自己找到了真爱，其实只是跳进了一个更大的火坑，一年生了两个，年级轻轻要养孩子打工，但这是她们的自己的选择，谁能控制，只是告诉自己，以后有孩子一定给她更好的教育', '我身边有很早结婚的，基本上她们原生家庭都不怎么样，都对她们不够重视，这种女孩从小就没有自信和安全感，对家庭没有归属感对自己也是自我怀疑，男的对她们哄哄就跟他了，还以为自己找到了真爱，其实只是跳进了一个更大的火坑，一年生了两个，年级轻轻要养孩子打工，但这是她们的自己的选择，谁能控制，只是告诉自己，以后有孩子一定给她更好的教育', '我身边有很早结婚的，基本上她们原生家庭都不怎么样，都对她们不够重视，这种女孩从小就没有自信和安全感，对家庭没有归属感对自己也是自我怀疑，男的对她们哄哄就跟他了，还以为自己找到了真爱，其实只是跳进了一个更大的火坑，一年生了两个，年级轻轻要养孩子打工，但这是她们的自己的选择，谁能控制，只是告诉自己，以后有孩子一定给她更好的教育']",replies
37,44,37_一线城市失业可以去二线城市_真实_不是我说_我就呵呵了,"['一线城市失业可以去二线城市', '真实', '不是我说', '我就呵呵了', '没什么区别', '恶心', '没事', '众所周知', '这样', '怎么办']","['真实，失业时候天天搞，上班就一个星期一次了', '学医不当护士比程序猿稳定，一线城市失业可以去二线城市', '学医不当护士比程序猿稳定，一线城市失业可以去二线城市']",replies
38,43,38_我是不婚主义者_男的吧_有什么区别_生育与否,"['我是不婚主义者', '男的吧', '有什么区别', '生育与否', '关键词', '无所谓', '所以呢', '换句话说', '朋友', '虽然但是']","['大佬，你结婚没？ 你有没有感觉到他们对婚姻的轻视？有没有看到她们对自己婚姻的不负责和对别人婚姻的不负责！ 女的吧，明明喜欢非要瞎鸡儿乱来，婚姻随便就结了。将就的婚姻难以维持，当然这个是男方出轨的。 男的吧，为了所谓的面子各种**，还为了所谓的爱情随意结婚，然后又为了这个又离婚！美名其曰找到了爱情！ 为了自己的爱情伤害别人，和我说的〈你只不过少条腿，而她可是失去了爱情〉这话有什么区别？ 他可是去追求爱情了，而你不过是个替代品而已。 有什么区别？ 爱情可以自私，但不能说你随意啊！', '补充，我是不婚主义者', '无所谓，我是不婚主义者']",replies
39,41,39_残忍啥 对女性的身体伤害吗 你可以去看看女性生育的视频_残忍啥 对女性的身体伤害吗_残忍啥_羊水栓塞,"['残忍啥 对女性的身体伤害吗 你可以去看看女性生育的视频', '残忍啥 对女性的身体伤害吗', '残忍啥', '羊水栓塞', '说得好', '另外', '避孕', '生育', '是的', '']","['是的，堕胎毕竟伤身体，避孕药跟堕胎相比还是避孕药划算的，性教育真的要做到位，有些姑娘缺乏性教育，不避孕，把堕胎当做常规手段，殊不知这是在糟践自己的身体，刮宫刮多了，子宫壁是薄的，多胎生育也是如此，尤其是剖宫产的，下一胎的胎盘若是长在剖宫产的刀口上恐怕会大出血，子宫壁的也一样，胎盘是扎根子宫壁上的，刮宫多了，壁薄了也容易破了大出血。结扎在现实中太小众男性结扎太小众，主要是不是影响功能，而是心理上无法接受可能他们觉得有种被阉割的感觉吧，女性结扎可能更普遍些，生了二胎三胎的女性多就结扎了，但我个人觉得如果有二胎三胎了，男性结扎是更公平的做法，不结扎也行，平时做好措施就行，但如果结扎一定是加分项，但愿意结扎的男性真是凤毛麟角，我觉得生育这事还得共同付出，避孕，生育，养育都是如此，一个和谐的家庭是不会计较这些的，毕竟劲往一处使，即使不结扎也不影响，一个美满的幸福有爱的家庭真的是可遇而不可求的东西', '……残忍啥？对女性的身体伤害吗？你可以去看看女性生育的视频，剖腹产是横着在肚子上划条大口子，顺产的话开十指。。。虽然说着是自己做的要承担后果但实际上怀孕的只要一个人，不论自愿与否。。。而且不看电视剧里那种出问题乱说的保大保小，医院里都是首先全力抢救大人。。。', '……残忍啥？对女性的身体伤害吗？你可以去看看女性生育的视频，剖腹产是横着在肚子上划条大口子，顺产的话开十指。。。虽然说着是自己做的要承担后果但实际上怀孕的只要一个人，不论自愿与否。。。而且不看电视剧里那种出问题乱说的保大保小，医院里都是首先全力抢救大人。。。']",replies
40,40,40_or_目录_这个_再者,"['or', '目录', '这个', '再者', '想堕胎就堕胎', '没毛病', '我的天', '引用', '很多', '污名化']","['评论比看电影都有趣，算是理解到了文字语言的独特性和层面理解。不管先来后到的都得抒发自己的评论点（包括我自己） 1:因为“口区”而语言攻击的（大可不必，举报完事） 2:这个“口区”是针对蔬果还是科普女性生育而发的特别见解，可以说它不从众，但它表达意义不恶意，也不咄咄逼人 3:弹幕ky然后评论ky循环往复 弹幕那条可以说它情商低，但没必要为了键盘而键盘，可以举报非得扯出部评论大电影来不值当 以上', '先谢谢你的说明和理解。不过这个词义相关的问题非常多，一些也不是我的定义，不说清直接展开逻辑好像确实不方便你理解。而且士别三日，也不知道你那之后有没新经历什么，所以我先就你最新的回复来说明了。 词义还是要先讲下，比如私人和个人，汉语正式文本中私人和个人几乎等同，包括我国宪法写的是对私人基本权利的规定，其实完全就是个人权利。这和人们一般生活中“私人”一词带有“隐私、自私”的感觉很不同。然后其实大爷没说“私人权利”，说的是“社会权利”，我很惭愧我被带偏了。但还好，我说重点在“目录”，本来还想说，这些意思是要说明用私人权利这个词是没有隐含、没有偏向、没有问题的，而不是说，啊我个人和他目光在哪。现在就说“目录”这个词，其实我国法理也讲，宪法就是私人基本权利的目录。我们了解法都知道，宪法不为完备详细，所以他那句话意思是宪法不是为了详细写出每样社会权利而存在的，不应破坏宪法的根本性和总领性。或者换个词讲，他的""目录""其实意思是“名录”或者“清单”。 所以说堕胎权这点，根据我前面已写的，它确实在法律范畴里就是私人权利、也更是社会权利，这个不是我定义的。即使把这个“私人”理解成我们日常说的私人，和“集体、共有”相对，也一样。法条的入宪问题与 是私人的还是共有的 无关，与 宪法自身性质 相关。 涉及词义定义的要讲起来真的太多太麻烦了。我希望我已经讲清这点。前面其他词义问题的还是不一一说了。至于“反堕胎没有入宪=禁止堕胎”这个，因为你说的是 “如果女人多了一个生育的能力就去禁止堕胎的行为” ，因为视频只提堕胎入宪，所以我是以为，你是假设这个没发生而说到禁止。所以我才说有跳跃。如果不是，可能麻烦你再解释下了。其他的还是不说了，好耗时间啊。。反正类似这样你能理解就行', '首先，否定他人举例要就他的例子进行分析，即自己分析他人例子不合理处后，根据逻辑推理和判断以及自我认知得出他人例子不恰当的结论，你第一没有分析我的例子，第二没有逻辑推理，第三就是结论和你后面的发言八竿子打不着，我不知道你在发言的时候想清楚没有，你至少要就我例子里“被害人家属”“杀人犯”“法官”这几个代指对象进行推理分析，你上来就是否定却又给不出推理过程那就是纯纯的废话。 其次，我从来没有表述过“不允许孕妇决定自身堕胎”，我的观点是“不能期望孕妇作为当事人给出合理的判断”，你完全扭曲我的发言并且自加修改。 然后是你的观点，你说“相关决定在一般情况下不影响孕妇和其他人生命安全”，这句话我实在是难解，你既然一开始要“听孕妇的”现在又是“不影响孕妇和其他人生命安全”，既然你只允许“孕妇”一个个体在论述里存在，那“其他人”又是个什么鬼玩意，你想到啥说啥这点要改，不然说话稀里糊涂的，完全说不明白你想说的。还有，你这句话里“一般情况下不影响孕妇生命安全”，这里就是美国人争论的点，是不影响孕妇安全啊，那肚子里孩子呢？他 or 她 or LGBTQIAPKDX（注：我没有否认后续性别的观点，只是时间发展暂时允许我了解到X为止，并不表示我对后续性别的歧视，我认可多性别观点，但并不为赞同，我同时认可双性别观点，同不为绝对赞同，此声明为我个人观点，并不代表我强行要求他人认可，时间于2022年七月二十七号，特此声明）他 or 她 or LGBTQIAPKDX算不算生命呢？这就是美国人要争论的了，我不去细说，我在这里只是想告诉你，没有你想那么简单。 然后就是你后面那个例子，你说农民饿了，难道他不能吃？这个例子是对应“孕妇想堕就堕”的观点，问题来了，我根本没有支持“反对堕胎”，你在这里发布你的观点有何意义？下次说话先把别人的话搞清楚，不然很容易搞错对象。最后， 我只是告诉你“孕妇作为当事者并不能给出合理的以及正确的判断”，也就是为什么法律会介入，各方会去争取，因为堕胎这个事情涉及一个人类根本权，生命权，不然孕妇想堕胎就堕胎，那法律还规定什么呢？直接标榜“想堕胎就堕胎”不就好了吗？']",replies
41,39,41_没试过_不是杠_想一想_原来如此,"['没试过', '不是杠', '想一想', '原来如此', '而且说实话', '对对对', '没有计划生育', '无论男女', '没办法', '还有']","['我就想问一句，不是杠。如果不强制进行计划生育，我国的资源能否承载这么多的人口？虽然是残忍，但也是历史无法避免的问题', '没有计划生育，想一想，四五倍的人口共享你的福利，关键估计是还全是汉子。', '拿病人和正常人比也是牛逼嗷，你怎么不拿瘫痪的人来比？普通成年男性和普通成年女性的体力你不清楚？没试过？以前那个吸人血的时代什么没试过，男人女人小孩老人，都是尸体堆出来的，你说没试过就没试过？禁止女性从事四级体力劳动以上的工作就是男人一拍脑袋想出来的？是拿女人的命堆出来的啊，大姐。那你说怎么不让儿童下矿井？没试过？你不知道试过不代表没试过。不让去干又说歧视女性，让去干又说不把女人的命当命，压榨女性，拳师就那么难伺候吗？']",replies
42,38,42_是啊_我觉得那部分三观正常的人也不会愿意生活在一个变态多如牛毛的环境_我们都喜欢偷窥_我们都喜欢偷窥 你怎么不去啊,"['是啊', '我觉得那部分三观正常的人也不会愿意生活在一个变态多如牛毛的环境', '我们都喜欢偷窥', '我们都喜欢偷窥 你怎么不去啊', '性自由', '我们都喜欢偷窥 你怎么不去啊 你是不是不行', '歧视女性', '现实就是这样', '男女同工不同酬', '男多女少']","['女性穿高跟鞋本来就是象征着平权。 “高跟鞋最初是设计给男人们穿的。 男装女穿的例子在时装史上屡见不鲜。引用 Will Smith 在电影“黑衣人”中的说法就是，“那些衣服能让女人们变好看!”所以，不管是单宁或是西装套装，女人们早就肆无忌惮的踏入了男性时装领域。 征服本来属于男人的高跟鞋大概也是出于这样的心理。 是的，你没有看错，作为女人性感的代名词的高跟鞋本来是设计给男人穿的! 有记录可查，最初在古埃及时期，屠夫们穿着高跟鞋执行死刑，高跟可以避免鞋子被鲜血染湿。我们不难联想到红底鞋 C.Louboutins 的由来。到15世纪，士兵骑马的时候也穿高跟鞋确保蹬实在马鞍蹬上。 后来，高跟鞋的出现渐渐引起了欧洲贵族们的注意。贵族们觉得，高出的鞋跟可以表明他们超出一般的财富和地位，而且行动不便的鞋子也是表明他们无需付出劳动的高等生活方式。 在16世纪的意大利，妓女们流行穿起了高跟鞋。于是高跟鞋变成了一个性别不明的、放浪不羁的形象代表。 直至妇女解放运动的开展才把高跟鞋带上正路，被大众所接受。 后来的很长一段时间，男人女人都沉迷于高跟鞋。 与其说高跟鞋是攻击女性的设计产物，不如说是女性更高权利地位的象征更准确。 最后的结论就是：高跟鞋并不是一个女性歧视的标志，而是解放女性、呼吁女人和男人平等地位的设计产物。”', '这怎么就是女权了？她们只是想消灭人渣，真不知道你们是怎么看出女权的。前因后果都已经讲的很清楚了啊!我还想知道你们是不是歧视女性呢!动不动就说人家女权。在韩国那样的环境下成长出来的男性大多数还是人渣，不排除一小部分，但我觉得可以为了灭了那一大部分放弃那一小部分，我觉得那部分三观正常的人也不会愿意生活在一个变态多如牛毛的环境，说不定还会有人对他们说，我们都喜欢偷窥，你怎么不去啊？你是不是不行？他们从父亲的根子上就坏掉了，生了下一代男性受苦的也是女性，毕竟他们连妈妈换衣服也要偷拍，换做是我也恨不得当初没生下他来。', '是啊，女生有月经痛，所以真的不明白一些田园女拳说军人和警察招募比例，男多女少，不公平，歧视女性。可要捉贼，街头搏斗，边境冲突的时候刚好来月经咋办。歹徒可不会讲绅士风度']",replies
43,35,43_一直在宣传女性的生育行为_现在越来越多的媒体人或者说知识 也让很多人意识到这是不好的 我觉得这是一个好的事情_现在越来越多的媒体人或者说知识 也让很多人意识到这是不好的_现在越来越多的媒体人或者说知识,"['一直在宣传女性的生育行为', '现在越来越多的媒体人或者说知识 也让很多人意识到这是不好的 我觉得这是一个好的事情', '现在越来越多的媒体人或者说知识 也让很多人意识到这是不好的', '现在越来越多的媒体人或者说知识', '比如你评论的热情 她才是在宣传让女性享受安全健康的性 而很多人性', '比如你评论的热情 她才是在宣传让女性享受安全健康的性', '比如你评论的热情', '正确对待两性关系 共同努力 共同幸福', '正确对待两性关系 共同努力', '正确对待两性关系']","['比如你评论的热情，她才是在宣传让女性享受安全健康的性，而很多人性/教育匮乏，一直在宣传女性的生育行为', '是这样的 这是事实 女性在一直以来在两性生活中都承担了更多的风险和意外（因为一直以来的性教育的缺失与匮乏也让很多人并不会意识到对自己或者对对方的伤害） 关于生育环这个东西我也是最近几年才知道它对女性的伤害 现在越来越多的媒体人或者说知识 也让很多人意识到这是不好的 我觉得这是一个好的事情 正确对待两性关系 共同努力 共同幸福', '是这样的 这是事实 女性在一直以来在两性生活中都承担了更多的风险和意外（因为一直以来的性教育的缺失与匮乏也让很多人并不会意识到对自己或者对对方的伤害） 关于生育环这个东西我也是最近几年才知道它对女性的伤害 现在越来越多的媒体人或者说知识 也让很多人意识到这是不好的 我觉得这是一个好的事情 正确对待两性关系 共同努力 共同幸福']",replies
44,34,44_高龄产妇___,"['高龄产妇', '', '', '', '', '', '', '', '', '']","['我觉得他们说的生孩子跟拉💩一样简单，女人35岁就是高龄产妇了，48岁生完肯定大伤元气，你看这不就没了，也不知道现在那孩子谁在养', '最重要的是已经47岁了，高龄产妇，不知道还好不好怀上', '年纪大了就不要考虑生娃了，高龄产妇']",replies
45,34,45_不是怕你受伤_这个功能就没用了 你的损失就不存在了 只要打胎不死_这个功能就没用了 你的损失就不存在了_这个功能就没用了,"['不是怕你受伤', '这个功能就没用了 你的损失就不存在了 只要打胎不死', '这个功能就没用了 你的损失就不存在了', '这个功能就没用了', '而是怕你因为打胎以后不能再生了 所谓的伤身体 就是怕伤害生育能力', '而是怕你因为打胎以后不能再生了 所谓的伤身体', '而是怕你因为打胎以后不能再生了', '所谓的伤身体 就是怕伤害生育能力 并不是怕你有什么', '所谓的伤身体 就是怕伤害生育能力', '所谓的伤身体']","['婚前打胎，不是怕你受伤，而是怕你因为打胎以后不能再生了，所谓的伤身体，就是怕伤害生育能力，并不是怕你有什么，对于已经生育的女性，这个功能就没用了，你的损失就不存在了，只要打胎不死，就等于没风险，你的生育能力已经使用完了，你的子宫已经不存在价值了。', '婚前打胎，不是怕你受伤，而是怕你因为打胎以后不能再生了，所谓的伤身体，就是怕伤害生育能力，并不是怕你有什么，对于已经生育的女性，这个功能就没用了，你的损失就不存在了，只要打胎不死，就等于没风险，你的生育能力已经使用完了，你的子宫已经不存在价值了。', '婚前打胎，不是怕你受伤，而是怕你因为打胎以后不能再生了，所谓的伤身体，就是怕伤害生育能力，并不是怕你有什么，对于已经生育的女性，这个功能就没用了，你的损失就不存在了，只要打胎不死，就等于没风险，你的生育能力已经使用完了，你的子宫已经不存在价值了。']",replies
46,33,46_想要就尽早 一定要在老大出社会之前 不然百分之80家庭都会有矛盾_我的名额也捐给你们_我的名额也捐给你们 尽一点微薄之力 加油_我的名额也捐给你们 尽一点微薄之力,"['想要就尽早 一定要在老大出社会之前 不然百分之80家庭都会有矛盾', '我的名额也捐给你们', '我的名额也捐给你们 尽一点微薄之力 加油', '我的名额也捐给你们 尽一点微薄之力', '一定要在老大出社会之前', '一定要在老大出社会之前 不然百分之80家庭都会有矛盾', '想要就尽早', '想要就尽早 一定要在老大出社会之前', '加油', '尊重祝福']","['尊重祝福。国家不是提议三胎吗，我的名额也捐给你们，尽一点微薄之力，加油', '反正我是觉得二胎三胎，想要就尽早，一定要在老大出社会之前，不然百分之80家庭都会有矛盾。', '反正我是觉得二胎三胎，想要就尽早，一定要在老大出社会之前，不然百分之80家庭都会有矛盾。']",replies
47,33,47_生育你做不了吗哈哈_我男的_没人强迫_想生都不能生,"['生育你做不了吗哈哈', '我男的', '没人强迫', '想生都不能生', '没有啊', '第一', '哈哈', '第二', '', '']","['对 没人强迫 哈哈 连对象都没有 想生都不能生 更别说我不想生', '生育你做不了吗哈哈', '生育你做不了吗哈哈']",replies
48,32,48_每次这么想想我是如此特别 更要努力生活了_每次这么想想我是如此特别_更要努力生活了_想不想生孩子,"['每次这么想想我是如此特别 更要努力生活了', '每次这么想想我是如此特别', '更要努力生活了', '想不想生孩子', '想不想结婚', '想不想结婚 想不想生孩子', '很遗憾', '在我看来', '经济压力', '生育']","['你去搜一下本能是什么意思，再来跟我扯这些好吗？人饿了会吃饭，是本能，但是你饿了也可以不吃饭。而且这都3202年了，想不想结婚，想不想生孩子，谁还能强迫你?你要不直接去问问你妈妈想不想生你不就好了吗？反正我妈是愿意的。→_→', '确实神奇，太阳系诞生生命的概率，地球诞生人类的概率，再加上父母相遇以及数量庞大的这几微米的东西相互竞争才有的我们，每次这么想想我是如此特别，更要努力生活了', '确实神奇，太阳系诞生生命的概率，地球诞生人类的概率，再加上父母相遇以及数量庞大的这几微米的东西相互竞争才有的我们，每次这么想想我是如此特别，更要努力生活了']",replies
49,32,49_卖淫_代孕_卖淫 代孕_据我所知,"['卖淫', '代孕', '卖淫 代孕', '据我所知', '自由', '强奸', '另一方面', '想多了', '那么', '是啊']","['据我所知 二战时期欧美盛行的这个人种举措 不仅仅针对女性 那是基因歧视和人种歧视 无关性别的 不是只有女性没有资格生育受到伤害 而是那些被列为“劣等人种”的所有人都遭受的伤害 那是当时欧美盛行的极端种族主义导致的 而简介中只单独强调了当时女性所遭受的迫害 营造出仅有女性遭到伤害的假象 所以说是恶意导向也不为过 视频是好视频 初衷也是好初衷 但造成这个现象并非性别歧视 更多的是受限于当时的社会条件和直到现在很多地方性教育的缺失导致的 没必要上升到两性矛盾 不可否认 目前仍存在部分男性歧视女性 但这并不代表所有中国人 中国应该算是男女平权做的最好的国家之一了 无论是政策上还是教育上 都很注重男女平权 至于就业问题 这不是男性的歧视 这是资本家的歧视 是资本家认为女性的剥削价值远低于男性 才会导致女性就业要难于男性 这个和广大中国男性无关 请不要总是这么偏激地去制造矛盾', '据我所知 二战时期欧美盛行的这个举措 不仅仅针对女性 那是基因歧视和人种歧视 并非性别 不是女性没有资格生育 而是那一部分被列为“劣等人种”的所有人都遭受的伤害 与其说是男权社会的产物 不如说是欧美盛行的极端种族主义导致的', '我一方面是想表示 被询问者的言论 不一定是议员理解的 “胎儿权大于孕妇权”的表现。 另一方面是想说，女性应当拥有主导自己身体的权利，但是“自由”是一个宽泛的概念，比起“是”或“否”的极端状态，更应当讨论“适用度”。 因为现实不同于理想中的环境，极端的自由也是一种无保护的状态，比如当女方的堕胎意愿大于男方时（强奸、卖淫、环境变故等情况）拥有堕胎自由对女性是有利的；但当男方的堕胎意愿大于女方时（出轨离婚之类的感情变故、骗奸后诱骗女方堕胎等情况）堕胎自由就无法保障女性的权益…… 换一个说法，如果认可女性对自己的身体拥有完全的自由，那么“卖淫、代孕”就也都是合理合法的，但实际上这种个体的“自由”会给女性整个群体带来可怕的伤害，为了避免这种伤害，就需要将“卖淫、代孕 的自由”让渡出去接受监管。 如果套用上一段的“公式”，一味的宣扬“堕胎自由”可能未必就只会带来好的结果。']",replies
50,31,50_国家技术发达_铁憨憨_这种时候还闲扯丁克和同性恋导致人类灭亡的都是憨憨 铁憨憨_这种时候还闲扯丁克和同性恋导致人类灭亡的都是憨憨,"['国家技术发达', '铁憨憨', '这种时候还闲扯丁克和同性恋导致人类灭亡的都是憨憨 铁憨憨', '这种时候还闲扯丁克和同性恋导致人类灭亡的都是憨憨', '这种人活该绝种 把世界繁衍和延续的责任全推到女性身上 说实话就是无能的表现', '这种人活该绝种 把世界繁衍和延续的责任全推到女性身上', '这种人活该绝种', '说实话就是无能的表现 真不生怎么了 大不了不就一起绝种吗', '说实话就是无能的表现 真不生怎么了', '说实话就是无能的表现']","['这种人活该绝种，把世界繁衍和延续的责任全推到女性身上，说实话就是无能的表现。真不生怎么了，大不了不就一起绝种吗？就你们男的怕死啊还是你有王位等着继承？某些雄性生物管好你自己的下半身就行了，未来几百年甚至几千年的事用你操心？有这功夫还不如多做环保来保证人类灭亡的晚一点。国家技术发达，生物技术也不是没有，这种时候还闲扯丁克和同性恋导致人类灭亡的都是憨憨，铁憨憨。', '这种人活该绝种，把世界繁衍和延续的责任全推到女性身上，说实话就是无能的表现。真不生怎么了，大不了不就一起绝种吗？就你们男的怕死啊还是你有王位等着继承？某些雄性生物管好你自己的下半身就行了，未来几百年甚至几千年的事用你操心？有这功夫还不如多做环保来保证人类灭亡的晚一点。国家技术发达，生物技术也不是没有，这种时候还闲扯丁克和同性恋导致人类灭亡的都是憨憨，铁憨憨。', '这种人活该绝种，把世界繁衍和延续的责任全推到女性身上，说实话就是无能的表现。真不生怎么了，大不了不就一起绝种吗？就你们男的怕死啊还是你有王位等着继承？某些雄性生物管好你自己的下半身就行了，未来几百年甚至几千年的事用你操心？有这功夫还不如多做环保来保证人类灭亡的晚一点。国家技术发达，生物技术也不是没有，这种时候还闲扯丁克和同性恋导致人类灭亡的都是憨憨，铁憨憨。']",replies
51,30,51_不是歧视 是很正常的思维 作为企业你是希望你招到进来没几天就休产假_企业可以给福利_企业可以给福利 但不能被人骗福利啊_企业不养闲人,"['不是歧视 是很正常的思维 作为企业你是希望你招到进来没几天就休产假', '企业可以给福利', '企业可以给福利 但不能被人骗福利啊', '企业不养闲人', '不是歧视 是很正常的思维', '是很正常的思维 作为企业你是希望你招到进来没几天就休产假', '是很正常的思维', '作为企业你是希望你招到进来没几天就休产假 还是说进来骗个产假就走人的员工 还是希望招到能为你产生经济效益的员工', '作为企业你是希望你招到进来没几天就休产假 还是说进来骗个产假就走人的员工', '作为企业你是希望你招到进来没几天就休产假']","['不是歧视，是很正常的思维，作为企业你是希望你招到进来没几天就休产假，还是说进来骗个产假就走人的员工，还是希望招到能为你产生经济效益的员工？企业可以给福利，但不能被人骗福利啊。企业不养闲人。', '不是歧视，是很正常的思维，作为企业你是希望你招到进来没几天就休产假，还是说进来骗个产假就走人的员工，还是希望招到能为你产生经济效益的员工？企业可以给福利，但不能被人骗福利啊。企业不养闲人。', '不是歧视，是很正常的思维，作为企业你是希望你招到进来没几天就休产假，还是说进来骗个产假就走人的员工，还是希望招到能为你产生经济效益的员工？企业可以给福利，但不能被人骗福利啊。企业不养闲人。']",replies
52,30,52_意外怀孕_以至于很多女孩以为很容易就意外怀孕了_而且不要过于相信男人 把避孕工作都交给男人_而且不要过于相信男人,"['意外怀孕', '以至于很多女孩以为很容易就意外怀孕了', '而且不要过于相信男人 把避孕工作都交给男人', '而且不要过于相信男人', '真的求求那些姐妹们寻思寻思吧 完全不想要孩子的话 避孕工作还是得自己谨慎些', '而且不要过于相信男人 把避孕工作都交给男人 看看多少丁克家庭还能意外怀孕然后由于种种原因就留下了孩子', '真的求求那些姐妹们寻思寻思吧', '真的听过好多人所谓的 意外怀孕 其实是安全期', '真的听过好多人所谓的 意外怀孕', '真的听过好多人所谓的']","['是的 真的听过好多人所谓的“意外怀孕”其实是安全期、体外、晚带T之类的怀上的，但还觉得是“意外怀孕”，以至于很多女孩以为很容易就意外怀孕了，其实科学避孕的话根本不容易！！!而且不要过于相信男人，把避孕工作都交给男人，看看多少丁克家庭还能意外怀孕然后由于种种原因就留下了孩子，真的求求那些姐妹们寻思寻思吧，完全不想要孩子的话，避孕工作还是得自己谨慎些。', '是的 真的听过好多人所谓的“意外怀孕”其实是安全期、体外、晚带T之类的怀上的，但还觉得是“意外怀孕”，以至于很多女孩以为很容易就意外怀孕了，其实科学避孕的话根本不容易！！!而且不要过于相信男人，把避孕工作都交给男人，看看多少丁克家庭还能意外怀孕然后由于种种原因就留下了孩子，真的求求那些姐妹们寻思寻思吧，完全不想要孩子的话，避孕工作还是得自己谨慎些。', '是的 真的听过好多人所谓的“意外怀孕”其实是安全期、体外、晚带T之类的怀上的，但还觉得是“意外怀孕”，以至于很多女孩以为很容易就意外怀孕了，其实科学避孕的话根本不容易！！!而且不要过于相信男人，把避孕工作都交给男人，看看多少丁克家庭还能意外怀孕然后由于种种原因就留下了孩子，真的求求那些姐妹们寻思寻思吧，完全不想要孩子的话，避孕工作还是得自己谨慎些。']",replies
53,30,53_好兄弟我家第一胎也是自然流产_好兄弟我家第一胎也是自然流产 第二胎自然怀孕现在也会叫爸爸妈妈了_第二胎自然怀孕现在也会叫爸爸妈妈了_第二胎自然怀孕现在也会叫爸爸妈妈了 好兄弟我家第一胎也是自然流产 第二胎自然怀孕现在也会叫爸爸妈妈了,"['好兄弟我家第一胎也是自然流产', '好兄弟我家第一胎也是自然流产 第二胎自然怀孕现在也会叫爸爸妈妈了', '第二胎自然怀孕现在也会叫爸爸妈妈了', '第二胎自然怀孕现在也会叫爸爸妈妈了 好兄弟我家第一胎也是自然流产 第二胎自然怀孕现在也会叫爸爸妈妈了', '第二胎自然怀孕现在也会叫爸爸妈妈了 好兄弟我家第一胎也是自然流产', '好兄弟我家第一胎也是自然流产 第二胎自然怀孕现在也会叫爸爸妈妈了 好兄弟我家第一胎也是自然流产', '一般来说剖腹产后过两年了才能要孩子', '一般来说剖腹产后过两年了才能要孩子 我一胎剖腹产生后才第十个月就有了二胎 不过幸好都很健康的度过了孕期到足月就剖出来了', '我二胎就是这么来的 我比你大一岁', '我二胎就是这么来的 我比你大一岁 去年一胎姐姐今年二胎弟弟']","['好兄弟我家第一胎也是自然流产，第二胎自然怀孕现在也会叫爸爸妈妈了', '好兄弟我家第一胎也是自然流产，第二胎自然怀孕现在也会叫爸爸妈妈了', '好兄弟我家第一胎也是自然流产，第二胎自然怀孕现在也会叫爸爸妈妈了']",replies
54,30,54_我也不喜欢小孩_想生都不能生_我妈也想要我生孩子我自己小时候那条街的孩子都是我带着捣蛋的我可不想生个小恶魔_不一定,"['我也不喜欢小孩', '想生都不能生', '我妈也想要我生孩子我自己小时候那条街的孩子都是我带着捣蛋的我可不想生个小恶魔', '不一定', '就这么简单', '姐妹', '不想生就不生', '', '', '']","['没人强迫我生孩子 因为我连对象都没有 想生都不能生 只是说不想生而已 男人或女人都有不想要孩子的 生孩子生完之后 还要养和教孩子 需要金钱时间和精力 缺一不可 每个人想法不同很正常 那些想生孩子的人当然可以去生 这个没有问题 不想要孩子的人就不要 就那么简单', '我连姨妈来的痛都忍不住，还要生孩子，如果可以不生，真的不想生，人类要繁衍就繁衍去，管我什么事，我把自己过好就行了，我也不喜欢小孩，母亲都很伟大，但我不想当伟大的人。', '我妈也想要我生孩子我自己小时候那条街的孩子都是我带着捣蛋的我可不想生个小恶魔']",replies
55,29,55_不想生就不生_所以不想生的也别觉得想生的想不开_不想生可以不生_想生就生,"['不想生就不生', '所以不想生的也别觉得想生的想不开', '不想生可以不生', '想生就生', '想生就生不想生就不生', '想生就生 不想生就不生', '没人逼你', '对对', '我不想生', '很正常']","['不自私啊 宝 这是我们选择的权利 我们想生就生 不想生就不生', '想生就生，不想生就不生，这是每个人都有的选择权嘛', '不想生就不生，想生就生']",replies
56,29,56_这就是就业歧视啊_这就是就业歧视啊 这就是就业歧视啊_这就是就业歧视啊 这就是就业歧视啊 这就是就业歧视啊_,"['这就是就业歧视啊', '这就是就业歧视啊 这就是就业歧视啊', '这就是就业歧视啊 这就是就业歧视啊 这就是就业歧视啊', '', '', '', '', '', '', '']","['这就是就业歧视啊😦😦', '这就是就业歧视啊😦😦', '这就是就业歧视啊😦😦']",replies
57,27,57_其实可以在结扎之前让相关机构把精子储存起来 现在也有这种方式_其实可以在结扎之前让相关机构把精子储存起来_结扎之后 如果想要生育再把输精管接上的话 短时间内生育没问题的_短时间内生育没问题的,"['其实可以在结扎之前让相关机构把精子储存起来 现在也有这种方式', '其实可以在结扎之前让相关机构把精子储存起来', '结扎之后 如果想要生育再把输精管接上的话 短时间内生育没问题的', '短时间内生育没问题的', '结扎之后 如果想要生育再把输精管接上的话', '结扎之后', '现在也有这种方式 结扎之后', '现在也有这种方式 结扎之后 如果想要生育再把输精管接上的话', '现在也有这种方式', '时间久了还是会有点影响']","['其实可以在结扎之前让相关机构把精子储存起来。 现在也有这种方式，结扎之后，如果想要生育再把输精管接上的话。短时间内生育没问题的，时间久了还是会有点影响。', '其实可以在结扎之前让相关机构把精子储存起来。 现在也有这种方式，结扎之后，如果想要生育再把输精管接上的话。短时间内生育没问题的，时间久了还是会有点影响。', '其实可以在结扎之前让相关机构把精子储存起来。 现在也有这种方式，结扎之后，如果想要生育再把输精管接上的话。短时间内生育没问题的，时间久了还是会有点影响。']",replies
58,27,58_后来发现自己身上有生长纹_很羡慕那些没有生长纹_小时候没关注过自己身体情况 后来发现自己身上有生长纹_小时候没关注过自己身体情况,"['后来发现自己身上有生长纹', '很羡慕那些没有生长纹', '小时候没关注过自己身体情况 后来发现自己身上有生长纹', '小时候没关注过自己身体情况', '后来发现自己身上有生长纹 特别丑 真的很难受', '后来发现自己身上有生长纹 特别丑', '小时候没关注过自己身体情况 后来发现自己身上有生长纹 特别丑', '皮肤光滑的人', '皮肤光滑的人 所以我真的不敢想象自己生育后有了妊娠纹该多么痛苦', '特别丑']","['小时候没关注过自己身体情况，后来发现自己身上有生长纹，特别丑，真的很难受，很羡慕那些没有生长纹，皮肤光滑的人。所以我真的不敢想象自己生育后有了妊娠纹该多么痛苦。', '小时候没关注过自己身体情况，后来发现自己身上有生长纹，特别丑，真的很难受，很羡慕那些没有生长纹，皮肤光滑的人。所以我真的不敢想象自己生育后有了妊娠纹该多么痛苦。', '小时候没关注过自己身体情况，后来发现自己身上有生长纹，特别丑，真的很难受，很羡慕那些没有生长纹，皮肤光滑的人。所以我真的不敢想象自己生育后有了妊娠纹该多么痛苦。']",replies
59,27,59_不应该在节育上再受伤害_生育_生孩子警告_最后一句,"['不应该在节育上再受伤害', '生育', '生孩子警告', '最后一句', '歧视女性', '主要是', '身材走样', '大家都一样', '有什么问题吗', '你说']","['女性在“性”和“生育”方面付出“太多”，怕你读不懂把重点给你标出来了，你再看看你说的是什么', '我有说男性没付出吗？你们到底看不看的懂啊，人家说“性”和“生育”方面付出更多，全在这杠男性其他方面的贡献，上面那个明明就看不明白还一直杠的杠精就是这样。。。真。。。', '你的观点我支持，但是以后一句我匪夷所思。“女性在性和生育方面付出太多，不应该在节育上再受伤害。”同样的，在学校，家庭和社会的关照，以及退休待遇，寿命等方面，男性牺牲得也特别多啊。中国社会目前来说，男女都有牺牲，只不过牺牲的方面不同。啥叫“女性在性和生育方面付出太多，不应该在节育上再受伤害。”那我也可以说，“男性在学校，家庭和社会，以及退休待遇和寿命方面牺牲太多，不应该在节育上再受伤害。”那么，你觉得我这句话合理吗？']",replies
60,27,60_是啊_拉倒吧__,"['是啊', '拉倒吧', '', '', '', '', '', '', '', '']","['拉倒吧，看看二胎，三胎的性别比清醒一下吧', '是啊，都三胎三胎的', '是啊，现在国家也劝人家生三胎呢。']",replies
61,26,61_我不想生孩子_不想生了_怕了_我就是,"['我不想生孩子', '不想生了', '怕了', '我就是', '不想生孩子', '对呀', '不想生', '', '', '']","['因为生三胎了，不想生了。', '啊好可怕，我不想生孩子', '我不想生孩子。。。']",replies
62,25,62_必须证明有实际原因才能够结束妊娠 孕12周以及孕14周以上 由于有可能已经能辨别胎儿性别_为了防止由于性别原因而发生的终止妊娠_为了防止由于性别原因而发生的终止妊娠 必须是医院开出的胎儿有具体疾病或者社区开出不宜生育的证明_为了防止由于性别原因而发生的终止妊娠 必须是医院开出的胎儿有具体疾病或者社区开出不宜生育的证明 医院才能给予操作,"['必须证明有实际原因才能够结束妊娠 孕12周以及孕14周以上 由于有可能已经能辨别胎儿性别', '为了防止由于性别原因而发生的终止妊娠', '为了防止由于性别原因而发生的终止妊娠 必须是医院开出的胎儿有具体疾病或者社区开出不宜生育的证明', '为了防止由于性别原因而发生的终止妊娠 必须是医院开出的胎儿有具体疾病或者社区开出不宜生育的证明 医院才能给予操作', '但是中期以及晚期则需要医院或者社区开出的证明', '但是中期以及晚期则需要医院或者社区开出的证明 必须证明有实际原因才能够结束妊娠', '但是中期以及晚期则需要医院或者社区开出的证明 必须证明有实际原因才能够结束妊娠 孕12周以及孕14周以上', '由于有可能已经能辨别胎儿性别 为了防止由于性别原因而发生的终止妊娠 必须是医院开出的胎儿有具体疾病或者社区开出不宜生育的证明', '医院才能给予操作', '孕12周以及孕14周以上']","['怀孕初期打胎一般不需要特殊证明，但是中期以及晚期则需要医院或者社区开出的证明，必须证明有实际原因才能够结束妊娠。孕12周以及孕14周以上，由于有可能已经能辨别胎儿性别，为了防止由于性别原因而发生的终止妊娠，必须是医院开出的胎儿有具体疾病或者社区开出不宜生育的证明，医院才能给予操作。', '为了防止耗材来杠说什么你国也一样，我现在先写出来 :怀孕初期打胎一般不需要特殊证明，但是中期以及晚期则需要医院或者社区开出的证明，必须证明有实际原因才能够结束妊娠。孕12周以及孕14周以上，由于有可能已经能辨别胎儿性别，为了防止由于性别原因而发生的终止妊娠，必须是医院开出的胎儿有具体疾病或者社区开出不宜生育的证明，医院才能给予操作。', '为了防止耗材来杠说什么你国也一样，我现在先写出来 :怀孕初期打胎一般不需要特殊证明，但是中期以及晚期则需要医院或者社区开出的证明，必须证明有实际原因才能够结束妊娠。孕12周以及孕14周以上，由于有可能已经能辨别胎儿性别，为了防止由于性别原因而发生的终止妊娠，必须是医院开出的胎儿有具体疾病或者社区开出不宜生育的证明，医院才能给予操作。这条评论说的就是你这种玩意儿']",replies
63,24,63_你其实也是爱我的对吧_这么多年了我其实还是忘不了他 我们离婚吧 就算你不放手我也要_你其实也是爱我的对吧 做人还是糊涂一点好 我以后不会这样了_你其实也是爱我的对吧 做人还是糊涂一点好,"['你其实也是爱我的对吧', '这么多年了我其实还是忘不了他 我们离婚吧 就算你不放手我也要', '你其实也是爱我的对吧 做人还是糊涂一点好 我以后不会这样了', '你其实也是爱我的对吧 做人还是糊涂一点好', '我还是爱你的 你其实也是爱我的对吧 做人还是糊涂一点好', '我还是爱你的 你其实也是爱我的对吧', '我以后不会这样了 我们和好吧 反正孩子叫的你爸爸', '你难道狠心拆散别人父子两 这么多年了我其实还是忘不了他', '我们和好吧 反正孩子叫的你爸爸', '我们和好吧 反正孩子叫的你爸爸 我们一家人好好的']","['他只是蹭了蹭 戴了 一毫米也是保持距离 中途他趁我不注意摘掉了 事后我吃过药了 我只是犯了正常女孩子都会犯的错而已 放心，孩子绝对是你的 可能是孕期酱油吃多了 或许是医院抱错了 孩子长的有点像就可以了 血缘关系真的那么重要吗 做人不要斤斤计较 我生孩子受了多少罪，你就只在乎是不是你的 都已经生下来了，也是一条鲜活生命 当时我拼了命的反抗 其实我也是受害者，你就不能体谅体谅我吗 你根本不爱我，渣男 抛开事实不谈，就算我有错，你就没有一点点错吗 我还是爱你的 你其实也是爱我的对吧 做人还是糊涂一点好 我以后不会这样了 我们和好吧 反正孩子叫的你爸爸 我们一家人好好的 他来找我了 他毕竟是孩子的亲生父亲 你难道狠心拆散别人父子两 这么多年了我其实还是忘不了他 我们离婚吧 就算你不放手我也要 跟他在一起 今晚他要过来，你去客厅睡吧 他都戴了你还要怎样 我又怀孕了 那天人太多，我也不确定是谁的 我现在实在没办法才来找你 我现在才知道你的好 其实你还是爱我的，对吗 终究是一个人承担了所有 男人 就没一个好东西', '他只是蹭了蹭 戴了 一毫米也是保持距离 中途他趁我不注意摘掉了 事后我吃过药了 我只是犯了正常女孩子都会犯的错而已 放心，孩子绝对是你的 可能是孕期酱油吃多了 或许是医院抱错了 孩子长的有点像就可以了 血缘关系真的那么重要吗 做人不要斤斤计较 我生孩子受了多少罪，你就只在乎是不是你的 都已经生下来了，也是一条鲜活生命 当时我拼了命的反抗 其实我也是受害者，你就不能体谅体谅我吗 你根本不爱我，渣男 抛开事实不谈，就算我有错，你就没有一点点错吗 我还是爱你的 你其实也是爱我的对吧 做人还是糊涂一点好 我以后不会这样了 我们和好吧 反正孩子叫的你爸爸 我们一家人好好的 他来找我了 他毕竟是孩子的亲生父亲 你难道狠心拆散别人父子两 这么多年了我其实还是忘不了他 我们离婚吧 就算你不放手我也要 跟他在一起 今晚他要过来，你去客厅睡吧 他都戴了你还要怎样 我又怀孕了 那天人太多，我也不确定是谁的 我现在实在没办法才来找你 我现在才知道你的好 其实你还是爱我的，对吗 终究是一个人承担了所有 男人 就没一个好东西', '看看我的这个 起码前面的孩子是你亲生的 他只是蹭了蹭 戴了 一毫米也是保持距离 中途他趁我不注意摘掉了 事后我吃过药了 我只是犯了正常女孩子都会犯的错而已 放心，孩子绝对是你的 可能是孕期酱油吃多了 或许是医院抱错了 孩子长的有点像就可以了 血缘关系真的那么重要吗 做人不要斤斤计较 我生孩子受了多少罪，你就只在乎是不是你的 都已经生下来了，也是一条鲜活生命 当时我拼了命的反抗 其实我也是受害者，你就不能体谅体谅我吗 你根本不爱我，渣男 抛开事实不谈，就算我有错，你就没有一点点错吗 我还是爱你的 你其实也是爱我的对吧 做人还是糊涂一点好 我以后不会这样了 我们和好吧 反正孩子叫的你爸爸 我们一家人好好的 他来找我了 他毕竟是孩子的亲生父亲 你难道狠心拆散别人父子两 这么多年了我其实还是忘不了他 我们离婚吧 就算你不放手我也要 跟他在一起 今晚他要过来，你去客厅睡吧 他都戴了你还要怎样 我又怀孕了 那天人太多，我也不确定是谁的 我现在实在没办法才来找你 我现在才知道你的好 其实你还是爱我的，对吗 终究是一个人承担了所有 男人 就没一个好东西😭']",replies
64,24,64_你也没必要阴阳怪气地提出一个地狱笑话_确实对我的妈妈就越愧疚_现在也对我妈妈很好 如果我还在我妈妈肚子里的时候 她想要流掉我就是一件不需要任何人置喙的事情_现在也对我妈妈很好 如果我还在我妈妈肚子里的时候,"['你也没必要阴阳怪气地提出一个地狱笑话', '确实对我的妈妈就越愧疚', '现在也对我妈妈很好 如果我还在我妈妈肚子里的时候 她想要流掉我就是一件不需要任何人置喙的事情', '现在也对我妈妈很好 如果我还在我妈妈肚子里的时候', '现在也对我妈妈很好', '我越了解到生育对女性的影响 确实对我的妈妈就越愧疚 现在也对我妈妈很好', '我越了解到生育对女性的影响 确实对我的妈妈就越愧疚', '我越了解到生育对女性的影响', '确实对我的妈妈就越愧疚 现在也对我妈妈很好', '很多人认为还在肚子里的东西还不算人 你的前半段假设就相当于是无效的']","['我越了解到生育对女性的影响，确实对我的妈妈就越愧疚，现在也对我妈妈很好。如果我还在我妈妈肚子里的时候，她想要流掉我就是一件不需要任何人置喙的事情。你也没必要阴阳怪气地提出一个地狱笑话，很多人认为还在肚子里的东西还不算人，你的前半段假设就相当于是无效的。', '我越了解到生育对女性的影响，确实对我的妈妈就越愧疚，现在也对我妈妈很好。如果我还在我妈妈肚子里的时候，她想要流掉我就是一件不需要任何人置喙的事情。你也没必要阴阳怪气地提出一个地狱笑话，很多人认为还在肚子里的东西还不算人，你的前半段假设就相当于是无效的。', '我越了解到生育对女性的影响，确实对我的妈妈就越愧疚，现在也对我妈妈很好。如果我还在我妈妈肚子里的时候，她想要流掉我就是一件不需要任何人置喙的事情。你也没必要阴阳怪气地提出一个地狱笑话，很多人认为还在肚子里的东西还不算人，你的前半段假设就相当于是无效的。']",replies
65,24,65_懂了_没有谁对谁错_或者离婚了_后来离婚了,"['懂了', '没有谁对谁错', '或者离婚了', '后来离婚了', '结婚', '一样', '', '', '', '']","['懂了，要怀孕先离婚', '万一小孩没了呢，人要再要一个，或者离婚了，男方这边新婚也想再生。', '我身边还有特别离谱的，未婚怀孕，男方表示一定要女方打掉才结婚，只接受婚后的娃。然后女方打掉了，结婚，婚后两年感情糟糕，也没有再有娃，后来离婚了…']",replies
66,24,66_腰疼肚子疼 来月经量特别多 人搞得特别虚_来月经量特别多_然后一年多一直跑医院吃药喝中药_然后一年多一直跑医院吃药喝中药 腰疼肚子疼,"['腰疼肚子疼 来月经量特别多 人搞得特别虚', '来月经量特别多', '然后一年多一直跑医院吃药喝中药', '然后一年多一直跑医院吃药喝中药 腰疼肚子疼', '然后一年多一直跑医院吃药喝中药 腰疼肚子疼 来月经量特别多', '然后我回老家直接取了就好了', '腰疼肚子疼 来月经量特别多', '我孩子11岁了 在我们那生完上不上环随自己愿 但是我嫁到安徽这边当时就是必须上环', '我孩子11岁了 在我们那生完上不上环随自己愿', '我孩子11岁了']","['我孩子11岁了，在我们那生完上不上环随自己愿，但是我嫁到安徽这边当时就是必须上环，然后一年多一直跑医院吃药喝中药，腰疼肚子疼，来月经量特别多，人搞得特别虚，当时还没想到是不是环的原因，也没一个医生跟我讲，后来跟我妈说了她才点醒我，等到放开二胎政策下来取环依然要一堆手续，然后我回老家直接取了就好了', '我孩子11岁了，在我们那生完上不上环随自己愿，但是我嫁到安徽这边当时就是必须上环，然后一年多一直跑医院吃药喝中药，腰疼肚子疼，来月经量特别多，人搞得特别虚，当时还没想到是不是环的原因，也没一个医生跟我讲，后来跟我妈说了她才点醒我，等到放开二胎政策下来取环依然要一堆手续，然后我回老家直接取了就好了', '我孩子11岁了，在我们那生完上不上环随自己愿，但是我嫁到安徽这边当时就是必须上环，然后一年多一直跑医院吃药喝中药，腰疼肚子疼，来月经量特别多，人搞得特别虚，当时还没想到是不是环的原因，也没一个医生跟我讲，后来跟我妈说了她才点醒我，等到放开二胎政策下来取环依然要一堆手续，然后我回老家直接取了就好了']",replies
67,23,67_有切除子宫的 虽然不一定有直接关系 毕竟不可考_没有创伤性的保护措施肯定优于有创的_毕竟不可考 都十几二十年甚至三十年前的事情的 但都和计划生育有关_毕竟不可考 都十几二十年甚至三十年前的事情的,"['有切除子宫的 虽然不一定有直接关系 毕竟不可考', '没有创伤性的保护措施肯定优于有创的', '毕竟不可考 都十几二十年甚至三十年前的事情的 但都和计划生育有关', '毕竟不可考 都十几二十年甚至三十年前的事情的', '毕竟不可考', '有盆腔炎的 有巧囊的 有切除子宫的', '有盆腔炎的 有巧囊的', '有盆腔炎的', '有巧囊的 有切除子宫的 虽然不一定有直接关系', '有巧囊的 有切除子宫的']","['为什么月经疼痛女性对疼痛就该有很高的耐受性？女性的生理构成对于男性而言本身就没有优势，生育和每月月经流血、疼痛就不说了，女性尿道比男性短更容易感染；女性更年期症状；很多免疫性疾病跟雌激素有关导致女性更容易患…至于社会压力，哪个成年人不需要面对呢，这个社会就没有放过任何一个人。', '戴套真的挺好的。你好我好大家好。上环，尤其是妈妈奶奶辈的，受的罪不少，妇科疾病特别多（以为家为例，有盆腔炎的，有巧囊的，有切除子宫的，虽然不一定有直接关系，毕竟不可考，都十几二十年甚至三十年前的事情的，但都和计划生育有关。许多女性都是在生育第一胎后被迫拉去上环的）。总的来说就是，没有创伤性的保护措施肯定优于有创的。能不吃药就尽量不吃药', '戴套真的挺好的。你好我好大家好。上环，尤其是妈妈奶奶辈的，受的罪不少，妇科疾病特别多（以为家为例，有盆腔炎的，有巧囊的，有切除子宫的，虽然不一定有直接关系，毕竟不可考，都十几二十年甚至三十年前的事情的，但都和计划生育有关。许多女性都是在生育第一胎后被迫拉去上环的）。总的来说就是，没有创伤性的保护措施肯定优于有创的。能不吃药就尽量不吃药']",replies
68,23,68_也还是要面对另一半造成的问题啊_那婚后如果另一半他非要出轨_那他都干了这个事了 有的夫妻就是接受继续过 另一半不接受就离婚啊_那他都干了这个事了 有的夫妻就是接受继续过,"['也还是要面对另一半造成的问题啊', '那婚后如果另一半他非要出轨', '那他都干了这个事了 有的夫妻就是接受继续过 另一半不接受就离婚啊', '那他都干了这个事了 有的夫妻就是接受继续过', '那他都干了这个事了', '有的夫妻就是接受继续过 另一半不接受就离婚啊 你埋怨', '有的夫妻就是接受继续过 另一半不接受就离婚啊', '有的夫妻就是接受继续过', '我说得不对吗 那婚后如果另一半他非要出轨 他偷偷出轨', '我说得不对吗 那婚后如果另一半他非要出轨']","['我说得不对吗？那婚后如果另一半他非要出轨，他偷偷出轨，就问你怎么办？你还能拦得住他吗？你还能栓得住他吗？那他都干了这个事了，有的夫妻就是接受继续过，另一半不接受就离婚啊，你埋怨，你抱怨，你生气，也还是要面对另一半造成的问题啊', '我说得不对吗？那婚后如果另一半他非要出轨，他偷偷出轨，就问你怎么办？你还能拦得住他吗？你还能栓得住他吗？那他都干了这个事了，有的夫妻就是接受继续过，另一半不接受就离婚啊，你埋怨，你抱怨，你生气，也还是要面对另一半造成的问题啊', '我说得不对吗？那婚后如果另一半他非要出轨，他偷偷出轨，就问你怎么办？你还能拦得住他吗？你还能栓得住他吗？那他都干了这个事了，有的夫妻就是接受继续过，另一半不接受就离婚啊，你埋怨，你抱怨，你生气，也还是要面对另一半造成的问题啊']",replies
69,22,69_我一个朋友_恶心_然后_对对对,"['我一个朋友', '恶心', '然后', '对对对', '真的', '是的', '', '', '', '']","['是的，所以我妈每次提起这些都咬牙切齿，全家七八口人，只有我爸我妈干活，整个孕期只吃过一块肉，还是村里人看不下去了从嘴里省出来给她的后来离婚了，我妈过上了快乐潇洒的日子', '我一个朋友，26岁，女，几岁的时候亲妈去世，后妈生了个男孩现在上初中，前几天家里要装修房子，在饭桌上后妈说反正以后都是要嫁出去的，地下室冬暖夏凉的，要不先让她住地下室，小宝（男）学习越来越紧，需要弄个隔音的书房然后她亲爹一声不吭，不说同意也不反对，我朋友吃完饭刷完碗就收拾行李走了，很温柔一个女孩子，不知道能不能狠下心来跟原生家庭断了。。。', '对对对，我就是看见这个，他妈的送医院就要感激他了吗？恶心，还有我前夫，家里特别穷，我是介绍认识的他，后来年纪小不懂事跟他在一起，但是这种条件根本没法要孩子，要了孩子就婆婆看，还要我出去打工，不打工的话在家，就更拮据，我婚前啥样我婚后还啥样，花我自己的钱，他在外地打工，就这种条件我不想因为要了孩子而失去现在的生活，还有就是生育真的很痛苦，虽然这样，我还是习惯了舒适圈，后来我不同意要孩子，他就晚上不戴t，戴了取下来，后来我怀孕了，我很气愤，但是没有打算打掉，这也是一条生命，但是从那时候起，我就开始恶心他，后来流产了，本来怀孕心情就不好，刚怀孕一个月还在上班，然后她妈煮的绿豆汤，大热天，我本来就烦躁，还快晚班了，我说我吃一个馒头就行了，然后他端着油花花的绿豆汤给我，我就冲他发脾气，她妈听见也不管我，我没吃饭去上班，一家人也没去找我，就他去找了一下我，我说不用，他就回去了，我就去上班了，可能是动了胎气，我上厕所流血了，没拿手机，也记不住他的号，我就走回家，她俩在家睡着呼哈的，然后，我留着血，居然在等公交，一共坐了两辆公交才到医院，后来流产，我在检查，我婆婆一个劲跟医生说都是因为她生气，都是因为她生气才流产，大概见了三四个大夫，一直跟医生说都是因为你生气，我当时极度悲伤，听见这个又特别气愤，好像一切跟你们没关系一样，刮宫特别痛苦，住院的时候还嫌我矫情，后来因为流产我哭了一个星期，后来去检查刮宫情况，护士说可以做一下卵巢保养，她直接说都是骗人的，让我快走，真是心寒，我刚流产我妈就让我去做汗蒸，说小月子也不要留下病根，真的，这种东西，你有什么理由给他生孩子，虽然我同情我婆婆很辛苦，受了很多苦，但是我绝对不原谅这种事情，这怀孕这件事，我就觉得害怕，既然不愿意要孩子，离婚就是，虽然流产特别难受，但是我还是很感激，因为流产，逃脱出来，我虽然我没有为这个家付出多少，但是他们也没带给我什么，你们要艰苦要奋斗，就要让别人也嫁进来艰苦奋斗?那还不如我一个人自在。']",replies
70,22,70_父亲_长痛不如短痛_我妈也是_母亲,"['父亲', '长痛不如短痛', '我妈也是', '母亲', '总之', '怎么', '是的', '', '', '']","['我妈也是，不体谅生育的风险，养孩子的辛苦', '还是不要的好，长痛不如短痛，与其让ta生下来就一辈子要遭受各种白眼歧视和虐待，还不如不要让ta来到这个世界上', '我得先说明这个法案是错的，是对孩子，母亲，父亲，三方面的不负责任，生一个孩子要母亲辛苦十个月，痛不欲生走一遭，再落下一堆小毛病，所以说是侵犯女性权益，第二我得说明这件事对男性不是看热闹，假如夫妻间不小心有了孩子，要出钱养，有人教育，假如孩子是被强迫的，那生下来夫妻间怎么面对，假如没结婚，父亲怎么办。第三我得说明，国外正在抗议这个法案，国内我搜索这个法案并没有看见多少有关的，另外女权其实不是说出来的，是要女性真正奋斗，能够创造出男性相同甚至超过男性的价值才有的，所以真正的女权是颜宁，是张海迪，是屠呦呦，女权不是一个贬义词，女性是真正为世界做出了贡献才拥有男女平等的权利。然而这个法案又将女性的价值放在了生育上，总之，真正对女权有贡献的人现在应该正在工作']",replies
71,22,71_换血_是吧_事实上_首先,"['换血', '是吧', '事实上', '首先', '', '', '', '', '', '']","['首先，关联性不代表因果性，搞清楚。 其次照你这么说，更说明男性应该得到寿命补偿了。 阉割生殖器会增加寿命，那保留了生殖器的男性是不是用寿命换取了生育能力？那男的用命来帮女的生孩子，应不应该得到补偿？70个月，没毛病吧？ 为什么男性比女性更容易抽烟喝酒？对烟酒的瘾性本身和性别不相关吧。那真正导致抽烟酗酒行为的是不是由于社会压力？那不还是男性由于承受了更多社会压力最终导致寿命缩减吗？', '事实上，“是否有研究针对身体健康与生活质量的影响”已经让我明白你根本就没有理解这一切，因为针对感性指标的研究几乎无法进行，而针对客观数据的研究（如怀孕期间生理学年龄的成长速度等）目前为止并没有定论', '你也是极品，我一直对着你“活得长”这一点质疑，说了多少次孕妇会难产，会因为怀孕带来的病症发展而死亡，你就是非归类到生活质量变差而不是寿命变短，来来去去都是只盯着你自己都会说是伪科学的“换血”。我家人接受过细胞疗法包括干细胞和免疫细胞，效果和时限我自己亲身观察过，你就带着你的“换血”幻想吧，这世界没有比男人更懂生育的了，是吧？虽然他们没有子宫不来月经没有生育能力也不承担生育代价…但他们的嘴硬弥补了这一点。反正生育率就在那看着，看看能不能骗到几个没读过书的女孩子为了你说的延寿去踏入生育吧。']",replies
72,22,72_一说起来男性结扎就是无害_附睾淤积等风险不能算极低_选择最适合的避孕方法 而如果婚后确定要结扎 男性要比女性更适合一点_选择最适合的避孕方法 而如果婚后确定要结扎,"['一说起来男性结扎就是无害', '附睾淤积等风险不能算极低', '选择最适合的避孕方法 而如果婚后确定要结扎 男性要比女性更适合一点', '选择最适合的避孕方法 而如果婚后确定要结扎', '选择最适合的避孕方法', '这个是应该视频科普下 虽然公众号上讲过 现在很多人被蛊惑', '这个是应该视频科普下 虽然公众号上讲过', '这个是应该视频科普下', '虽然公众号上讲过 现在很多人被蛊惑 一说起来男性结扎就是无害', '虽然公众号上讲过 现在很多人被蛊惑']","['这个是应该视频科普下 虽然公众号上讲过。现在很多人被蛊惑 一说起来男性结扎就是无害、极低风险 但其实根本没这么安全。当然了 男性结扎是要大大优于女性结扎的 但只适合确定无生育计划的男性 因为复通率并没有达到很高的水平 附睾淤积等风险不能算极低。多积累知识 选择最适合的避孕方法。而如果婚后确定要结扎 男性要比女性更适合一点。', '这个是应该视频科普下 虽然公众号上讲过。现在很多人被蛊惑 一说起来男性结扎就是无害、极低风险 但其实根本没这么安全。当然了 男性结扎是要大大优于女性结扎的 但只适合确定无生育计划的男性 因为复通率并没有达到很高的水平 附睾淤积等风险不能算极低。多积累知识 选择最适合的避孕方法。而如果婚后确定要结扎 男性要比女性更适合一点。', '这个是应该视频科普下 虽然公众号上讲过。现在很多人被蛊惑 一说起来男性结扎就是无害、极低风险 但其实根本没这么安全。当然了 男性结扎是要大大优于女性结扎的 但只适合确定无生育计划的男性 因为复通率并没有达到很高的水平 附睾淤积等风险不能算极低。多积累知识 选择最适合的避孕方法。而如果婚后确定要结扎 男性要比女性更适合一点。']",replies
73,22,73_当年计划生育_我同事_是二胎_我妈也是,"['当年计划生育', '我同事', '是二胎', '我妈也是', '想生就生', '', '', '', '', '']","['对，我爸妈也说过类似的话，我是个女生，是二胎，我的小名是男生的名字，你懂吧，就想要个儿子，他和我说过要不是你妈拦着就和谁谁谁家换了，那家有四个儿子，我在小时候还被那男的猥亵过，真的不敢想，如果我被抱到那家去的后果，得亏我妈还有点良心', '你奶奶还好吧，当年计划生育，只能生一胎，我妈又是公务员，所以只能有我一个女儿，我奶奶一直念叨着让我妈再生个儿子，甚至还想过把我送出去，我妈不同意，后来我爸妈就离婚了', '我同事，她老公的奶奶叫她年头一个年尾再生一个真当生育机器啊']",replies
74,21,74_什么_性别歧视__,"['什么', '性别歧视', '', '', '', '', '', '', '', '']","['为什么不能只写女性，性别歧视？', '什么？这两个小姐姐是不是对同性恋有歧视啊', '什么？这两个小姐姐是不是对同性恋有歧视啊']",replies
75,20,75_我是二胎_请问_不是二胎_emmm,"['我是二胎', '请问', '不是二胎', 'emmm', '我也是', '哈哈', '', '', '', '']","['不是二胎……那会强制套环或者结扎的。打了的基本都是一胎', '这有啥吃亏的，请问？我又不是为了结扎，单独去把肚子割开。二胎剖腹产的时候，医生就问了需不需要结扎，很简单顺手而已。', '我是二胎，我妈就是强制结扎的，']",replies
76,20,76_让她生_抗议者_说句不好听的_仅此而已,"['让她生', '抗议者', '说句不好听的', '仅此而已', '等等', '再说了', '这么说吧', '', '', '']","['有社会福利性质的孤儿院 有无生育能力的夫妻可以收养 等等 没有什么可以成为扼杀胎儿性命的借口，孩子仅仅是小，生命权高于一切', '楼上上别同情心泛滥了，说句不好听的，现在生存这么艰难，宝宝不一定愿意被生下来。再说了，按照我国法律，没出生的根本不算“宝宝”，只能算胎儿。人家选择性生育是人家的自由，干嘛这么义愤填膺的。不过我也支持戴t，毕竟自己的身体自己负责。', '或许我们还可以换个角度 抗议者：让她生 让她生 让她生 那是一条年轻的生命啊 堕胎的孕妇：管他什么生命 我就是不想生 仅此而已 抗议者：你这个杀人犯 竟然如此不负责任 既然怀上了 就要肩负起对这条生命的责任 似乎角度不同，看到的结果也不一样']",replies
77,20,77_很多情况下_一旦怀孕_身体_家暴,"['很多情况下', '一旦怀孕', '身体', '家暴', '咋说呢', '离婚', '另外', '', '', '']","['姑娘你做得好！我现在的老公在恋爱的时候也很想做，但我也跟你一样的想法，其实当他提出你又产生一丝丝犹豫的时候，你要相信自己的犹豫，那是潜意识在告诉你“还没到那个时候”。如果一个男人真的爱你，他真的会认真考虑你的想法，以你的想法为先的，我老公当时就一直忍，他说没什么的，我不愿意就不做，以后结婚的话始终能做的。于是他现在成了我的老公。一个男人如果连恋爱期间都没办法尊重你的想法，以后总有我们怀孕、无法做的时候，那个时候他能不能忍？这是很关键的。我身体不太好，一旦怀孕，就是彻底不能做的那种情况，然后我们这边习俗是生完孩子之后过了100天，才可以做，我现在已经二胎了，所以我老公加起来是忍了三年，我事后也问过他，他很理所当然：医生不是说不能做嘛/习俗不是要等100天嘛。他就是觉得特殊情况下不能做是很正常的一件事，从来不会觉得有什么委屈或者怨气。我觉得我们每个人都是需要这样一个男人，才能跟你扛住人生中的所有喜怒哀乐。', '草率结婚，草率离婚。收获教训，失去青春。世上许多的难题，都是自己给自己出的。很多情况下，但凡当初谨慎一些，后来也不会面临那么困难的抉择。', '我可以假定，夫妻算一种“宽泛的交易”，在一般情况下这个交易，双方付出越多就会得到更多去创造更多包括精神，身体，财产等。 在交易中，有信息不对称，一方的信息的较不透明，可能有利于这一方，也可以有利于交易。但不一定有利于另一方，另一方如果知道后，可能存在不信任，就可能进行一些措施，停止交易（离婚），要求赔偿来维持交易（可能要求对象做一些保证的事），也可能出现违法报复（家暴）。 在拉到这个问题来，女方不说也要承担被男方知道后，所可能发生的事。那么不说不一定比说好。所以就要就情况而言，最好的结果是女方说出，男方不在意。但男方一般在意，所以不说算一种折中，承担风险，但也可以得到好的结果。']",replies
78,20,78_这女的可能就是不想他如愿以偿 她可能想不开 要两个人都不好过_这女的可能就是不想他如愿以偿 她可能想不开_一离婚 男的不就跟小三在一起了吗_一离婚,"['这女的可能就是不想他如愿以偿 她可能想不开 要两个人都不好过', '这女的可能就是不想他如愿以偿 她可能想不开', '一离婚 男的不就跟小三在一起了吗', '一离婚', '一离婚 男的不就跟小三在一起了吗 这女的可能就是不想他如愿以偿', '这女的可能就是不想他如愿以偿', '男的不就跟小三在一起了吗 这女的可能就是不想他如愿以偿 她可能想不开', '她可能想不开', '要两个人都不好过', '她可能想不开 要两个人都不好过']","['一离婚，男的不就跟小三在一起了吗？这女的可能就是不想他如愿以偿。她可能想不开，要两个人都不好过。', '一离婚，男的不就跟小三在一起了吗？这女的可能就是不想他如愿以偿。她可能想不开，要两个人都不好过。', '一离婚，男的不就跟小三在一起了吗？这女的可能就是不想他如愿以偿。她可能想不开，要两个人都不好过。']",replies
79,20,79_男权社会_当然__,"['男权社会', '当然', '', '', '', '', '', '', '', '']","['就你这样的就是韩国女性不想生男孩的原因', '国内考虑妇女权益更多的 而且这也符合优生优育 一个母亲都不想要的孩子出生了之后 有更大概率得不到好的教育 对社会治安也不利 当然 现在国内生育率挺低的 不知道以后国内是不是也会效仿国外 导致本就失衡的性别比例雪上加霜', '但凡知道韩国现在是什么样子，都能明白，男权社会，n号房里一个几岁的小男孩都会偷拍自己的母亲洗澡，并且n号房里，几乎10个男人里就有7个看过n号房，就这样，女性还想生男性就有鬼了，并且说句难听话，中国再发展个几十年，估计会和韩国一样，如果中国依旧不改变的话']",replies
80,20,80_想不想生_这个词_抱歉_,"['想不想生', '这个词', '抱歉', '', '', '', '', '', '', '']","['知道你挺要面子，道德是人对人，产妇对身体的控制，不在你能开口的范围内。 如果你还是个男性，那就太可怕了。 生育权完整属于女性个人，无人可以指手画脚，她当然需要保护肚子，但她不保护你不能说她不道德。 抱歉，对此物，你一生都不会有发言权。', '我真的很不喜欢“非蠢即坏”这个词，但是我是真的不能理解你们以歪曲科学、人伦的方式解读胎儿到底是怎样的一种心态，我充分尊重每一位女性的自主生育权，你们尊重选择生育的女性了吗？最起码，你尊重自己尊重你妈妈吗？', '不带不同意，不同意算强。 想不想生，什么时候生，怀了打不打都是女人一个人做决定的，其他人怎么样都只能算建议。强行还违法，这种前提下就别说别人弄死了奥']",replies
81,19,81_你不想生 哪来的孩子_哪来的孩子_你不想生_你不想生 哪来的孩子 你不想生,"['你不想生 哪来的孩子', '哪来的孩子', '你不想生', '你不想生 哪来的孩子 你不想生', '哪来的孩子 你不想生 哪来的孩子', '哪来的孩子 你不想生', '想生孩子', '', '', '']","['你不想生 哪来的孩子', '你不想生 哪来的孩子', '你不想生 哪来的孩子']",replies
82,19,82_最后离婚的是真的多_都找会浪漫的_过年过节红包来回发会主动送秋天第一杯奶茶的 然后分了 然后找老师人接盘_过年过节红包来回发会主动送秋天第一杯奶茶的 然后分了,"['最后离婚的是真的多', '都找会浪漫的', '过年过节红包来回发会主动送秋天第一杯奶茶的 然后分了 然后找老师人接盘', '过年过节红包来回发会主动送秋天第一杯奶茶的 然后分了', '过年过节红包来回发会主动送秋天第一杯奶茶的', '被坑了总不能连句话都不让说吧', '生育功能受损 最后离婚的是真的多 光我见过的就两三起', '生育功能受损 最后离婚的是真的多', '甚至记不住各种纪念日 就是想像上一辈一样找个伴好好过日子的 多的是', '甚至记不住各种纪念日 就是想像上一辈一样找个伴好好过日子的']","['别地图炮行么..对自己有自知之明的可太多了 不会浪漫什么的 甚至记不住各种纪念日 就是想像上一辈一样找个伴好好过日子的 多的是。 可这种的根本没人睬的 都找会浪漫的 过年过节红包来回发会主动送秋天第一杯奶茶的。然后分了 然后找老师人接盘 然后由于之前堕胎人流 生育功能受损 最后离婚的是真的多。 光我见过的就两三起。被坑了总不能连句话都不让说吧', '别地图炮行么..对自己有自知之明的可太多了 不会浪漫什么的 甚至记不住各种纪念日 就是想像上一辈一样找个伴好好过日子的 多的是。 可这种的根本没人睬的 都找会浪漫的 过年过节红包来回发会主动送秋天第一杯奶茶的。然后分了 然后找老师人接盘 然后由于之前堕胎人流 生育功能受损 最后离婚的是真的多。 光我见过的就两三起。被坑了总不能连句话都不让说吧', '别地图炮行么..对自己有自知之明的可太多了 不会浪漫什么的 甚至记不住各种纪念日 就是想像上一辈一样找个伴好好过日子的 多的是。 可这种的根本没人睬的 都找会浪漫的 过年过节红包来回发会主动送秋天第一杯奶茶的。然后分了 然后找老师人接盘 然后由于之前堕胎人流 生育功能受损 最后离婚的是真的多。 光我见过的就两三起。被坑了总不能连句话都不让说吧']",replies
83,19,83_甚至要牺牲自己的职业规划去挣快钱 包括后续的隐形职场歧视 这都会转化成丈夫的养家压力_一餐饭她要吐几次_怀孕那时正好她老公还派到香港_一餐饭她要吐几次 后来 她的宝宝超级健康,"['甚至要牺牲自己的职业规划去挣快钱 包括后续的隐形职场歧视 这都会转化成丈夫的养家压力', '一餐饭她要吐几次', '怀孕那时正好她老公还派到香港', '一餐饭她要吐几次 后来 她的宝宝超级健康', '一餐饭她要吐几次 后来', '然而现实中大多数人恐育不是因为性别对立 反而是替丈夫考虑 如果女方怀孕', '没叫父母过来照顾 一个人撑着', '没叫父母过来照顾 一个人撑着 她跟我说她就是坚持吐了又逼自己继续吃', '没叫父母过来照顾', '打车司机可能 可能要考虑买车 结果就是丈夫不堪重负']","['然而现实中大多数人恐育不是因为性别对立，反而是替丈夫考虑。如果女方怀孕，少了她的分红和提成，就还不起房贷赡养不起父母了，而且因为怀孕后期挤不了公交，打车司机可能，可能要考虑买车。结果就是丈夫不堪重负，甚至要牺牲自己的职业规划去挣快钱…包括后续的隐形职场歧视，这都会转化成丈夫的养家压力。这些才是大多数妻子担忧的事情，而不是所谓的性别对立', '视频里🈶说这个校长夫人没钱吗?我的朋友就是警嫂，还是特警那种，怀孕那时正好她老公还派到香港，几个月回不来，她是我见过孕吐最厉害的，连医生都替她担心，她自己还在外资公司工作，竞争很激烈，也不敢请假，她不想父母担心，没叫父母过来照顾，一个人撑着，她跟我说她就是坚持吐了又逼自己继续吃，一餐饭她要吐几次。后来，她的宝宝超级健康，8斤多。', '我见过一个极端例子，发现怀孕吐到生。我的朋友，警嫂，还是特警那种，怀孕那时正好她老公还派到香港，几个月回不来，她是我见过孕吐最厉害的，连医生都替她担心，她自己还在外资公司工作，竞争很激烈，也不敢请假，她不想父母担心，没叫父母过来照顾，一个人撑着，她跟我说她就是坚持吐了又逼自己继续吃，一餐饭她要吐几次。后来，她的宝宝超级健康，8斤多。']",replies
84,18,84_男的一直说经济压力大 后面有不顺心的事迁就到她身上很大可能_男的一直说经济压力大_首先_是的,"['男的一直说经济压力大 后面有不顺心的事迁就到她身上很大可能', '男的一直说经济压力大', '首先', '是的', '', '', '', '', '', '']","['她当然值得可怜…首先，现在离婚哪是那么容易的事，连男方出轨都不算正当理由，就连理由正当了还要熬过漫长的冷静期。况且她已经有一个孩子了，生孩子期间女性会失业，除非原生家庭经济条件很好，现在的她怎么有经济能力当单亲妈妈', '这种生下来大概率受家庭的恶意很大 男的一直说经济压力大 后面有不顺心的事迁就到她身上很大可能', '这种生下来大概率受家庭的恶意很大 男的一直说经济压力大 后面有不顺心的事迁就到她身上很大可能']",replies
85,18,85_一般来讲___,"['一般来讲', '', '', '', '', '', '', '', '', '']","['地雷女原生家庭有很大的问题，被哥哥墙报父母也不管，然后和网友见面被网友墙报，她心态扭曲要拆散幸福的人，所以才盯上老师这对。然后又被她哥强迫，反杀了哥哥，变成了逃犯，走到悬崖准备寻死，女老师拉住了摔下悬崖的她，让她珍惜生命回头是岸，俩人拥抱和解。最后女老师成功离婚和律师哥在一起了，男老师坐牢，地雷妹也进局子了。但是漫画第二季地雷妹她越狱了，然后改头换面开始当援交女做爸爸活。我真的裂开', '那就说明这个男人不适合有下一代，出家对他来说也是好事一件，还早点给老婆自由，不是排挤又不愿理离婚那种，我女生，还挺佩服他', '一般来讲，敢于婚外情的都敢于逼迫对方离婚，但是你看这个女孩从未逼迫过老师离婚就很怪。有了孩子然后对方让他打掉，她就乖乖打掉了。离婚还是老师哄骗他时自己说的。就好像这个老师不是她爱的人，而是她爹一般，让干啥干啥。所以我想，比起爱，她可能怕这个老师。她也许并非不想和老师一刀两断。现在她有没有和老师一刀两断都很难说。现在她心里应该很恨老师，但是让他去举报老师，她恐怕没这个胆量。']",replies
86,18,86_这个文章还有后续的 后续是结果三胎开放以后全国医院都不允许给男性做结扎_这个文章还有后续的_后续是结果三胎开放以后全国医院都不允许给男性做结扎_这个文章还有后续的 后续是结果三胎开放以后全国医院都不允许给男性做结扎 这个文章还有后续的,"['这个文章还有后续的 后续是结果三胎开放以后全国医院都不允许给男性做结扎', '这个文章还有后续的', '后续是结果三胎开放以后全国医院都不允许给男性做结扎', '这个文章还有后续的 后续是结果三胎开放以后全国医院都不允许给男性做结扎 这个文章还有后续的', '后续是结果三胎开放以后全国医院都不允许给男性做结扎 这个文章还有后续的 后续是结果三胎开放以后全国医院都不允许给男性做结扎', '后续是结果三胎开放以后全国医院都不允许给男性做结扎 这个文章还有后续的', '不是吧', '', '', '']","['这个文章还有后续的，后续是结果三胎开放以后全国医院都不允许给男性做结扎（…）', '这个文章还有后续的，后续是结果三胎开放以后全国医院都不允许给男性做结扎（…）', '这个文章还有后续的，后续是结果三胎开放以后全国医院都不允许给男性做结扎（…）']",replies
87,17,87_我觉得_呵呵__,"['我觉得', '呵呵', '', '', '', '', '', '', '', '']","['甚至有可能是她丈夫伙同医院做假报告，以此为由占有离婚主动权', '小时候听情感类的广播电台 不是编的 都是想咨询情感问题的人自己主动打电话到电台的 有个情感节目 然后就是有个男的婚内出轨 原配在这段时间里怀孕了 孕期发现这个当丈夫的男的出轨了也不愿意和外边人断 小三知三当三还“逼”男的离婚 孕妇气急了决定离婚 离了之后也没让那个男的，小三好过 在前夫和小三家门口拿黑色厚塑料袋各放了一袋堕胎刮宫的产物 把那两人吓得半死 呵呵 有些男的还真脆弱 在别人身上作恶不以为然，遭一点报应了就哇哇大叫', '我觉得，他丈夫看到这个数字以后，心里可能认为只是数字错了，但可能有过，也是正常的。 但直接表示相信医院给的数据，并对妻子提议重新做检查表示反对，我就不太能理解了。 除非就是想借题发挥离婚，否则我想不通为什么他要反对重新检查。']",replies
88,17,88_按照你的逻辑_情绪稳定的都是女屌丝 6啊 侮辱歧视女性还是你在行_情绪稳定的都是女屌丝 6啊_情绪稳定的都是女屌丝,"['按照你的逻辑', '情绪稳定的都是女屌丝 6啊 侮辱歧视女性还是你在行', '情绪稳定的都是女屌丝 6啊', '情绪稳定的都是女屌丝', '另外', '6啊', '好好好', '说真的', '其次', '还有']","['在只讲述女性的视频底下扯一句为什么不提男性，到底是谁在性别歧视？按照你的逻辑，建议全球肺癌研究协会更名为全部疾病研究协会，不然就是歧视哦', '我也是服了，能别装的只有男的被误解好吗？我寻思着女权这个词不也被你们这种男的污名化了吗。也别拿什么女权要特权来洗，现实生活中享受着工作特权，就业特权，舆论特权的从来都是男性。拿着那种极端女权，来对比男性正常化日常，不更说明男权盛行吗。其次，直男一词被污名化，也是同理极端女权那样，因为某些极端直男的恶心操作和言行。还有，被恶意全方面讽刺的女性只会更多，拒绝的彻底要被说给脸不要脸，拒绝的不彻底就是绿茶，逼着我们变弯？另外，变弯吧。真男人就是要干男人这不是你们男的经常说的吗奥利给', '好好好，情绪稳定的都是女屌丝，6啊，侮辱歧视女性还是你在行']",replies
89,17,89_房到位 双双领取离婚证 2015年9月_高磊鑫和薛之谦现在很幸福谢谢_高磊鑫亦履行诺言离婚 证明二人离婚的原因并不在于有没有李雨桐 那么在2012_高磊鑫亦履行诺言离婚 证明二人离婚的原因并不在于有没有李雨桐,"['房到位 双双领取离婚证 2015年9月', '高磊鑫和薛之谦现在很幸福谢谢', '高磊鑫亦履行诺言离婚 证明二人离婚的原因并不在于有没有李雨桐 那么在2012', '高磊鑫亦履行诺言离婚 证明二人离婚的原因并不在于有没有李雨桐', '高磊鑫亦履行诺言离婚', '用时间线的方式还原薛李风波始末 雪下得好深好深 就知道他被冤枉的多惨', '用时间线的方式还原薛李风波始末 雪下得好深好深', '用时间线的方式还原薛李风波始末', '撤热搜了 只要你看过时间线梳理那个视频 薛之谦', '撤热搜了 只要你看过时间线梳理那个视频']","['2012年薛之谦和高磊鑫已签协议离婚，并谈好了离婚价格，只待钱、房到位，双双领取离婚证（2015年9月，即便在已经与李雨桐分手的情形下，薛之谦依然履行诺言给钱，高磊鑫亦履行诺言离婚，证明二人离婚的原因并不在于有没有李雨桐），那么在2012~2015薛之谦筹钱离婚的三年甚至未来可能更久的时间里，薛之谦和高磊鑫是否绝不可以与他人有交往和有性生活？出轨是指某一方有所隐瞒欺骗做伤害对方的事，这才是道德上对出轨最不能容忍的地方不是吗?', '当年全程吃瓜，其实我就是希望李雨桐出来再“捶”一次。这样薛之谦的澄清就不至于像当年一样被全网锁词条，撤热搜了。只要你看过时间线梳理那个视频【薛之谦】用时间线的方式还原薛李风波始末，雪下得好深好深/就知道他被冤枉的多惨。另外，高磊鑫和薛之谦现在很幸福谢谢，虽然很低调但是都在暗暗发糖。反倒是李雨桐把小作文全都删了，又又和老公离婚了，老公退网前还直播说孩子不是自己的（我是永远的薛之谦自来水，当年我就站薛之谦，这瓜吃得太憋屈，所以有人来误导带节奏我必回，另外那个视频也是吃瓜人做的', '当年全程吃瓜，其实我就是希望李雨桐出来再“捶”一次。这样薛之谦的澄清就不至于像当年一样被全网锁词条，撤热搜了。只要你看过时间线梳理那个视频【薛之谦】用时间线的方式还原薛李风波始末，雪下得好深好深/就知道他被冤枉的多惨。另外，高磊鑫和薛之谦现在很幸福谢谢，虽然很低调但是都在暗暗发糖。反倒是李雨桐把小作文全都删了，又又和老公离婚了，老公退网前还直播说孩子不是自己的（我是永远的薛之谦自来水，当年我就站薛之谦，这瓜吃得太憋屈，所以有人来误导带节奏我必回，另外那个视频也是吃瓜人做的']",replies
90,17,90_不是一路人_没关系_离婚冷静期_大家都一样,"['不是一路人', '没关系', '离婚冷静期', '大家都一样', '笑死了', '不好意思', '是的', '', '', '']","['已经抬头了，离婚冷静期', '没关系，现在已经是了只要不结婚那就没有离婚冷静期', '幸好在括号里看到离婚冷静期中，不是一路人，早离早好']",replies
91,17,91_其实最致命的问题是 以公权力禁止或限制堕胎的话 那么那些有堕胎需求的女性就会去寻求找那些地下黑诊所来满足需求_其实最致命的问题是 以公权力禁止或限制堕胎的话_以公权力禁止或限制堕胎的话 那么那些有堕胎需求的女性就会去寻求找那些地下黑诊所来满足需求 而这会带来更大的安全隐患_其实最致命的问题是,"['其实最致命的问题是 以公权力禁止或限制堕胎的话 那么那些有堕胎需求的女性就会去寻求找那些地下黑诊所来满足需求', '其实最致命的问题是 以公权力禁止或限制堕胎的话', '以公权力禁止或限制堕胎的话 那么那些有堕胎需求的女性就会去寻求找那些地下黑诊所来满足需求 而这会带来更大的安全隐患', '其实最致命的问题是', '以公权力禁止或限制堕胎的话', '以公权力禁止或限制堕胎的话 那么那些有堕胎需求的女性就会去寻求找那些地下黑诊所来满足需求', '生殖器官永久受损失去生育能力 甚至死亡等等', '而这会带来更大的安全隐患', '生殖器官永久受损失去生育能力', '甚至死亡等等']","['其实最致命的问题是，以公权力禁止或限制堕胎的话，那么那些有堕胎需求的女性就会去寻求找那些地下黑诊所来满足需求，而这会带来更大的安全隐患。（比如大出血，生殖器官永久受损失去生育能力，甚至死亡等等）', '其实最致命的问题是，以公权力禁止或限制堕胎的话，那么那些有堕胎需求的女性就会去寻求找那些地下黑诊所来满足需求，而这会带来更大的安全隐患。（比如大出血，生殖器官永久受损失去生育能力，甚至死亡等等）', '其实最致命的问题是，以公权力禁止或限制堕胎的话，那么那些有堕胎需求的女性就会去寻求找那些地下黑诊所来满足需求，而这会带来更大的安全隐患。（比如大出血，生殖器官永久受损失去生育能力，甚至死亡等等）']",replies
92,16,92_是因为男朋友不想生绝育_你说的对_当然_,"['是因为男朋友不想生绝育', '你说的对', '当然', '', '', '', '', '', '', '']","['不知道生闺女有啥不好，我就想生个闺女，我女友也喜欢闺女（当然，如果生儿子也一样，没区别）那些人可能是太在乎传宗接代了，实际上传宗接代不应该是压倒自己的任务。', '你说的对，不过有相当一部分的年轻人，不是按照一个自主的意愿来判断生不生孩子的，就比如有一些人，她徘徊在一个可以生，但不怎么想生，或者可以生但生的意愿不强烈，这种人大众或者周围人的行动会对她的影响比较大，就是顺从主流的想法', '你以为都和你一样傻，是因为男朋友不想生绝育？']",replies
93,16,93_因为早期女性要避孕就是体内放环 直到今日还是依旧如此_因为早期女性要避孕就是体内放环 直到今日还是依旧如此 不过这几年开放生育才好点_直到今日还是依旧如此 不过这几年开放生育才好点_因为早期女性要避孕就是体内放环,"['因为早期女性要避孕就是体内放环 直到今日还是依旧如此', '因为早期女性要避孕就是体内放环 直到今日还是依旧如此 不过这几年开放生育才好点', '直到今日还是依旧如此 不过这几年开放生育才好点', '因为早期女性要避孕就是体内放环', '直到今日还是依旧如此', '不过这几年开放生育才好点', '不过这几年开放生育才好点 因为早期女性要避孕就是体内放环', '不过这几年开放生育才好点 因为早期女性要避孕就是体内放环 直到今日还是依旧如此', '直到今日还是依旧如此 不过这几年开放生育才好点 因为早期女性要避孕就是体内放环', '']","['因为早期女性要避孕就是体内放环，直到今日还是依旧如此，不过这几年开放生育才好点', '因为早期女性要避孕就是体内放环，直到今日还是依旧如此，不过这几年开放生育才好点', '因为早期女性要避孕就是体内放环，直到今日还是依旧如此，不过这几年开放生育才好点']",replies
94,16,94_生下来_意外怀孕_不是_,"['生下来', '意外怀孕', '不是', '', '', '', '', '', '', '']","['感觉是这个男的人品有问题，我姐姐的朋友原生家庭有问题，俩人是未婚先孕', '不是，几年前的事了。后来大儿媳带女儿回娘家准备离婚，大儿子带人去娘家吵架，害得大儿媳8个月胎儿流产。', '1.结婚后单方面不要娃，选择离婚。 2.跟一群弟弟玩，意外怀孕，男的不要跑路，自己年龄大了，生下来。 3.生养孩子过程中遇到困难，后悔了想找个“伴侣”，但是在相亲过程中，自嘲处在鄙视链底端。 4.后面有一个男的，在自己和弟弟恋爱过程中出现，起初没选这男的，生完孩子之后需要人帮忙，又选择了这男的。 这个女人也没做到你们想象的“独立自由，不需要男人”哦，她给自己一顿包装，最后承认还是“要找个伴侣”。视频里她都明显后悔了，大家都看出来了，你是看不见，还是文化程度低，看不懂哦？']",replies
95,16,95_无用 因为这属于民事纠纷_所以你也别太较真 现实生活中你真当法律维护普通人民_无用 因为这属于民事纠纷 于情于理夫妻在没离婚之前_现实生活中你真当法律维护普通人民 我也是用事实说话 夫妻之间寻找对方,"['无用 因为这属于民事纠纷', '所以你也别太较真 现实生活中你真当法律维护普通人民', '无用 因为这属于民事纠纷 于情于理夫妻在没离婚之前', '现实生活中你真当法律维护普通人民 我也是用事实说话 夫妻之间寻找对方', '现实生活中你真当法律维护普通人民 我也是用事实说话', '现实生活中你真当法律维护普通人民', '所以你也别太较真 现实生活中你真当法律维护普通人民 我也是用事实说话', '无用', '所以你也别太较真', '我也是用事实说话']","['这种情况下，可以用另外的法律来约束，比如骗婚，可以起诉离婚了。 咱们的律法还是健全的。', '所以你也别太较真，现实生活中你真当法律维护普通人民？我也是用事实说话，夫妻之间寻找对方，即使酒店提供了信息，对方告酒店100%无用，因为这属于民事纠纷，于情于理夫妻在没离婚之前，属于双方协商，在社会案例中也没见夫妻酒店寻找对方酒店赔偿的事，如果这样那酒店不是天天被套路赔偿！', '所以你也别太较真，现实生活中你真当法律维护普通人民？我也是用事实说话，夫妻之间寻找对方，即使酒店提供了信息，对方告酒店100%无用，因为这属于民事纠纷，于情于理夫妻在没离婚之前，属于双方协商，在社会案例中也没见夫妻酒店寻找对方酒店赔偿的事，如果这样那酒店不是天天被套路赔偿！']",replies
96,16,96_我不想生但我可以有性生活 意外怀孕我也不想要有问题吗_意外怀孕我也不想要有问题吗_我不想生但我可以有性生活_意外怀孕我也不想要有问题吗 我不想生但我可以有性生活 意外怀孕我也不想要有问题吗,"['我不想生但我可以有性生活 意外怀孕我也不想要有问题吗', '意外怀孕我也不想要有问题吗', '我不想生但我可以有性生活', '意外怀孕我也不想要有问题吗 我不想生但我可以有性生活 意外怀孕我也不想要有问题吗', '我不想生但我可以有性生活 意外怀孕我也不想要有问题吗 我不想生但我可以有性生活', '意外怀孕我也不想要有问题吗 我不想生但我可以有性生活', '我和老婆都有了小孩后 几次都是这样子', '我和老婆都有了小孩后', '用排卵试纸测了没有排卵', '用排卵试纸测了没有排卵 可以内射吗 我和老婆都有了小孩后']","['我不想生但我可以有性生活 意外怀孕我也不想要有问题吗', '我不想生但我可以有性生活 意外怀孕我也不想要有问题吗', '我不想生但我可以有性生活 意外怀孕我也不想要有问题吗']",replies
97,15,97_原来如此___,"['原来如此', '', '', '', '', '', '', '', '', '']","['没离婚也是丧偶式家庭', '不知道离婚协议?', '原来如此，这个协议感觉就像是为离婚准备的。']",replies
98,15,98_我也不想生 怕疼_我也不想生 怕疼 只想以后养好多好多的猫咪陪着我_怕疼 只想以后养好多好多的猫咪陪着我_怕疼,"['我也不想生 怕疼', '我也不想生 怕疼 只想以后养好多好多的猫咪陪着我', '怕疼 只想以后养好多好多的猫咪陪着我', '怕疼', '只想以后养好多好多的猫咪陪着我', '我也不想生', '只想以后养好多好多的猫咪陪着我 我也不想生', '只想以后养好多好多的猫咪陪着我 我也不想生 怕疼', '怕疼 只想以后养好多好多的猫咪陪着我 我也不想生', '']","['我也不想生 怕疼 只想以后养好多好多的猫咪陪着我', '我也不想生 怕疼 只想以后养好多好多的猫咪陪着我', '我也不想生 怕疼 只想以后养好多好多的猫咪陪着我']",replies
99,15,99_不想生的被强迫生下来的当然不会爱_不想生的被强迫生下来的当然不会爱 不想生的被强迫生下来的当然不会爱_不想生的被强迫生下来的当然不会爱 不想生的被强迫生下来的当然不会爱 不想生的被强迫生下来的当然不会爱_宝宝生命力真顽强,"['不想生的被强迫生下来的当然不会爱', '不想生的被强迫生下来的当然不会爱 不想生的被强迫生下来的当然不会爱', '不想生的被强迫生下来的当然不会爱 不想生的被强迫生下来的当然不会爱 不想生的被强迫生下来的当然不会爱', '宝宝生命力真顽强', '现在也快被离婚了', '我想要都没', '我想要都没 现在也快被离婚了', '我想要都没 现在也快被离婚了 宝宝生命力真顽强', '祝福你 我想要都没', '祝福你 我想要都没 现在也快被离婚了']","['祝福你，我想要都没，现在也快被离婚了，宝宝生命力真顽强', '祝福你，我想要都没，现在也快被离婚了，宝宝生命力真顽强', '祝福你，我想要都没，现在也快被离婚了，宝宝生命力真顽强']",replies
100,15,100_想一想_毕竟自己女朋友_没错_确实,"['想一想', '毕竟自己女朋友', '没错', '确实', '', '', '', '', '', '']","['没错 让女性知道一些事实并不会打消所有女性的生育意愿 因为不想生孩子有很多原因 想生孩子的可以做更万全的准备就更好了', '我好像跟你说多了。“毕竟自己女朋友/老婆给人怀过孕都会感到难受”——这句有多少毛病你知道吗？1、什么叫给人怀过孕？女性独享生育权，不是给人怀孕！不是给人当子宫容器！2、这么难受可以趋势', '都是个人的选择和自由，人家就是不想生孩子，也不想忍受月经的相关困扰，选择子宫切除也是可以的。 想一想，一个35岁的大婚女青年没有男朋友，自己也洁身自好，但每个月都要忍受痛经的困扰。有几次还痛到休克，被送进医院。 那么她选择子宫切除也是一个对自己好一点的选择。']",replies
101,15,101_看个人选择自由 提倡婚前是不想让婚前的被歧视吧_看个人选择自由_提倡婚前是不想让婚前的被歧视吧_提倡婚前是不想让婚前的被歧视吧 看个人选择自由,"['看个人选择自由 提倡婚前是不想让婚前的被歧视吧', '看个人选择自由', '提倡婚前是不想让婚前的被歧视吧', '提倡婚前是不想让婚前的被歧视吧 看个人选择自由', '提倡婚前是不想让婚前的被歧视吧 看个人选择自由 提倡婚前是不想让婚前的被歧视吧', '看个人选择自由 提倡婚前是不想让婚前的被歧视吧 看个人选择自由', '', '', '', '']","['看个人选择自由，提倡婚前是不想让婚前的被歧视吧', '看个人选择自由，提倡婚前是不想让婚前的被歧视吧', '看个人选择自由，提倡婚前是不想让婚前的被歧视吧']",replies
102,15,102_笑死___,"['笑死', '', '', '', '', '', '', '', '', '']","['我刚看了完整版，感觉男的也还好啊，他一开始就觉得自己没有生育能力', '？？？不婚前？？那男的是阳痿怎么办？', '笑死，没有生育能力的男的怎么也想不到居然有性别不结婚就能生孩子，因为你没有子宫啊']",replies
